record_id,customer_id,amount,currency,transaction_date,payment_status
FIN05466211,CUST00020,6455.74,EUR,2026-05-14,DELIVERED
FIN38705474,CUST00053,4758.6,USD,2025-07-11,OPEN
FIN79192866,CUST00008,4866.34,USD,2025-09-12,OPEN
FIN61007556,CUST00073,1982.05,EUR,2025-07-07,PENDING
FIN40545567,CUST00016,8972.9,USD,2025-11-29,CANCELLED
FIN00996559,CUST00089,6587.35,USD,2025-11-21,CANCELLED
FIN88376317,CUST00034,1554.98,USD,2026-03-10,CANCELLED
FIN44437961,CUST00027,7751.35,GBP,2026-01-30,DELIVERED
FIN96304610,CUST00074,587.78,USD,2025-08-18,DELIVERED
FIN70787644,CUST00051,5478.24,AUD,2026-04-04,CANCELLED
FIN21068966,CUST00042,6218.23,INR,2026-05-03,CANCELLED
FIN95016565,CUST00050,1683.64,GBP,2026-01-25,PENDING
FIN07126623,CUST00018,3910.3,AUD,2025-07-05,OPEN
FIN38577004,CUST00062,9562.73,INR,2025-10-07,DELIVERED
FIN01901058,CUST00057,8777.05,AUD,2026-01-19,CANCELLED
FIN75794159,CUST00086,8882.86,USD,2026-01-19,OPEN
FIN34097602,CUST00027,743.04,GBP,2025-06-26,DELIVERED
FIN52916392,CUST00032,2434.1,USD,2025-10-04,PENDING
FIN52781173,CUST00083,9742.3,EUR,2025-07-19,CANCELLED
FIN28599553,CUST00079,7626.05,INR,2025-08-09,OPEN
FIN76271432,CUST00069,3363.2,AUD,2025-11-10,OPEN
FIN92303477,CUST00066,2085.69,EUR,2025-07-08,DELIVERED
FIN40856122,CUST00086,3140.48,AUD,2026-02-07,CANCELLED
FIN65070568,CUST00030,1946.58,AUD,2025-09-05,PENDING
FIN29365378,CUST00078,7932.71,INR,2026-03-28,OPEN
FIN15344248,CUST00062,1862.72,EUR,2025-09-02,PENDING
FIN94563526,CUST00075,9108.69,AUD,2025-08-08,OPEN
FIN84542607,CUST00047,6834.97,EUR,2026-03-04,DELIVERED
FIN95592844,CUST00045,5598.26,GBP,2026-05-17,CANCELLED
FIN32555409,CUST00077,4611.12,GBP,2026-05-14,OPEN
FIN63292629,CUST00084,7184.41,AUD,2025-10-20,PENDING
FIN26175829,CUST00007,2656.06,INR,2025-12-27,OPEN
FIN61200249,CUST00097,6516.32,EUR,2026-03-13,CANCELLED
FIN58087832,CUST00074,6017.59,EUR,2025-09-02,PENDING
FIN41309953,CUST00089,8859.76,EUR,2025-06-02,OPEN
FIN93020965,CUST00091,3496.13,USD,2026-02-04,DELIVERED
FIN56446382,CUST00029,6425.59,INR,2025-06-01,CANCELLED
FIN07957960,CUST00014,7120.63,EUR,2026-03-18,DELIVERED
FIN64917948,CUST00045,1514.02,USD,2026-05-24,CANCELLED
FIN98382127,CUST00074,9307.43,GBP,2025-07-16,PENDING
FIN29082653,CUST00069,4684.67,GBP,2025-12-31,PENDING
FIN78598896,CUST00030,1113.07,AUD,2025-11-22,PENDING
FIN31103612,CUST00011,7307.61,GBP,2025-10-17,DELIVERED
FIN94373951,CUST00055,2061.94,USD,2025-09-17,OPEN
FIN77529535,CUST00070,2514.23,GBP,2025-08-14,CANCELLED
FIN21952704,CUST00080,707.73,AUD,2025-11-16,CANCELLED
FIN02699917,CUST00096,5106.5,USD,2026-02-18,DELIVERED
FIN85789111,CUST00068,2947.47,AUD,2025-11-08,OPEN
FIN30711976,CUST00064,8598.21,INR,2026-01-03,DELIVERED
FIN34289415,CUST00074,9541.99,EUR,2025-11-14,OPEN
FIN10579424,CUST00072,7862.47,EUR,2025-10-07,DELIVERED
FIN52964542,CUST00085,1551.9,EUR,2026-04-10,PENDING
FIN30070879,CUST00053,3771.91,INR,2026-01-21,DELIVERED
FIN30624201,CUST00070,3972.87,USD,2025-11-09,CANCELLED
FIN61273857,CUST00081,2451.61,GBP,2026-01-29,DELIVERED
FIN05852278,CUST00081,4545.77,INR,2025-06-20,DELIVERED
FIN16263427,CUST00016,5312.04,EUR,2025-10-03,CANCELLED
FIN83933976,CUST00056,5997.74,INR,2026-04-13,OPEN
FIN56698172,CUST00011,4561.11,USD,2025-11-01,OPEN
FIN57793975,CUST00082,4008.33,EUR,2025-11-03,CANCELLED
FIN77729047,CUST00039,4354.22,EUR,2026-03-18,PENDING
FIN71873528,CUST00098,6926.5,INR,2026-03-07,PENDING
FIN16091770,CUST00045,7451.86,USD,2025-11-07,OPEN
FIN13956874,CUST00018,6650.58,USD,2025-10-16,PENDING
FIN57360895,CUST00030,7413.09,AUD,2026-02-21,PENDING
FIN99973748,CUST00012,7426.74,INR,2025-07-25,DELIVERED
FIN58440648,CUST00088,4813.14,AUD,2025-08-29,PENDING
FIN59471634,CUST00013,4056.6,EUR,2026-02-20,OPEN
FIN09279506,CUST00047,1740.18,INR,2026-03-30,CANCELLED
FIN06726506,CUST00062,6297.09,USD,2025-08-18,PENDING
FIN37681793,CUST00035,3432.14,AUD,2025-08-23,PENDING
FIN49936873,CUST00037,1834.81,EUR,2025-05-25,PENDING
FIN98834691,CUST00016,6017.75,GBP,2025-07-01,DELIVERED
FIN80784119,CUST00025,5141.04,INR,2025-12-06,CANCELLED
FIN39861396,CUST00004,5020.5,AUD,2025-08-16,CANCELLED
FIN40517539,CUST00098,8689.97,AUD,2025-09-15,DELIVERED
FIN94830162,CUST00091,2426.41,GBP,2026-03-27,DELIVERED
FIN79119764,CUST00024,6367.49,AUD,2025-12-11,PENDING
FIN84336379,CUST00073,3131.68,EUR,2025-11-13,CANCELLED
FIN40356496,CUST00035,7282.2,AUD,2025-12-15,PENDING
FIN21317919,CUST00061,1086.88,INR,2026-02-05,DELIVERED
FIN95755394,CUST00050,6441.81,GBP,2026-03-04,DELIVERED
FIN20819518,CUST00040,4491.0,AUD,2026-04-30,CANCELLED
FIN91599566,CUST00087,2308.9,USD,2026-02-10,OPEN
FIN65702651,CUST00024,3032.98,USD,2026-03-16,PENDING
FIN93554414,CUST00091,3923.75,AUD,2025-12-31,PENDING
FIN70301166,CUST00093,4162.26,INR,2025-12-23,PENDING
FIN81229660,CUST00034,1898.58,EUR,2025-08-15,OPEN
FIN01626119,CUST00007,9920.21,INR,2025-09-27,PENDING
FIN09180091,CUST00081,7662.34,EUR,2025-07-04,CANCELLED
FIN92092357,CUST00076,1197.18,USD,2026-03-27,PENDING
FIN08402902,CUST00097,3980.33,GBP,2026-03-19,OPEN
FIN38648228,CUST00055,4485.88,AUD,2026-03-23,CANCELLED
FIN11455205,CUST00046,7486.09,GBP,2026-04-09,OPEN
FIN75820585,CUST00044,7029.39,AUD,2025-11-18,OPEN
FIN47115065,CUST00030,2585.37,USD,2025-12-25,PENDING
FIN44005850,CUST00088,8500.54,AUD,2025-11-07,PENDING
FIN49235890,CUST00073,9983.35,INR,2026-01-09,OPEN
FIN34909273,CUST00080,4372.28,EUR,2025-11-07,OPEN
FIN47482467,CUST00098,4112.58,INR,2025-11-16,PENDING
FIN98420237,CUST00015,5436.68,INR,2025-09-20,PENDING
FIN97810026,CUST00017,3703.96,GBP,2026-05-21,CANCELLED
FIN99459891,CUST00040,932.05,INR,2026-03-07,OPEN
FIN52192237,CUST00044,8339.82,USD,2025-08-14,DELIVERED
FIN09285616,CUST00045,995.2,AUD,2026-03-07,PENDING
FIN80084927,CUST00062,2534.09,EUR,2026-02-13,PENDING
FIN44107157,CUST00029,895.86,EUR,2026-03-15,OPEN
FIN09338743,CUST00057,3656.35,EUR,2025-08-18,DELIVERED
FIN25444461,CUST00009,5671.98,AUD,2025-09-28,CANCELLED
FIN05155671,CUST00038,5949.5,AUD,2026-05-02,DELIVERED
FIN43487852,CUST00063,2385.19,GBP,2026-02-11,PENDING
FIN36710594,CUST00097,6392.09,EUR,2025-07-22,PENDING
FIN97914905,CUST00051,5045.55,USD,2025-11-16,DELIVERED
FIN81892375,CUST00025,3680.67,AUD,2025-06-05,PENDING
FIN17673758,CUST00007,9938.9,INR,2025-10-23,CANCELLED
FIN34228039,CUST00056,5539.71,INR,2026-04-25,OPEN
FIN93918005,CUST00086,7053.44,INR,2026-02-21,DELIVERED
FIN49034307,CUST00022,2185.0,INR,2025-11-11,PENDING
FIN27903291,CUST00053,7979.21,GBP,2026-05-03,OPEN
FIN61165005,CUST00033,9390.82,USD,2025-12-12,CANCELLED
FIN78822490,CUST00100,3979.41,USD,2025-07-10,OPEN
FIN72115565,CUST00035,7643.37,AUD,2026-01-17,DELIVERED
FIN85487332,CUST00069,4056.5,AUD,2025-06-26,OPEN
FIN92573271,CUST00055,4260.13,EUR,2025-09-01,DELIVERED
FIN08212430,CUST00069,3459.34,GBP,2026-04-29,CANCELLED
FIN89239476,CUST00030,3804.38,AUD,2025-11-29,OPEN
FIN95529047,CUST00079,9745.33,AUD,2026-03-03,CANCELLED
FIN33136429,CUST00096,533.22,AUD,2026-02-01,OPEN
FIN91798581,CUST00073,4367.78,INR,2026-04-27,CANCELLED
FIN11580750,CUST00098,6760.85,INR,2026-03-15,PENDING
FIN80296940,CUST00060,8481.71,USD,2026-03-20,OPEN
FIN81631135,CUST00079,5412.91,INR,2025-11-30,CANCELLED
FIN10949272,CUST00007,984.37,USD,2025-10-11,OPEN
FIN36019173,CUST00010,7477.61,GBP,2025-08-29,DELIVERED
FIN40606161,CUST00035,3924.31,INR,2025-09-04,PENDING
FIN25491789,CUST00014,9115.55,GBP,2026-02-09,DELIVERED
FIN33127153,CUST00042,922.87,USD,2026-02-11,OPEN
FIN04401486,CUST00028,4278.86,INR,2026-01-25,CANCELLED
FIN47409186,CUST00078,2646.82,USD,2025-11-15,DELIVERED
FIN48852603,CUST00094,1539.56,USD,2025-11-04,PENDING
FIN13583193,CUST00056,5788.85,AUD,2025-08-21,DELIVERED
FIN54850409,CUST00069,8623.22,AUD,2025-06-26,OPEN
FIN54870936,CUST00024,2253.97,USD,2026-01-08,OPEN
FIN74226907,CUST00064,1573.75,GBP,2025-08-31,DELIVERED
FIN50658090,CUST00064,3619.75,EUR,2026-02-18,CANCELLED
FIN76165047,CUST00066,8389.26,AUD,2025-11-11,PENDING
FIN38785582,CUST00067,1708.44,USD,2026-01-22,OPEN
FIN76854880,CUST00096,2681.93,USD,2025-06-01,CANCELLED
FIN22798474,CUST00040,6320.53,USD,2026-01-31,DELIVERED
FIN21267143,CUST00090,5619.18,AUD,2026-01-12,OPEN
FIN87799040,CUST00084,9823.54,USD,2025-11-27,PENDING
FIN17908690,CUST00016,5841.85,EUR,2025-07-06,OPEN
FIN13968455,CUST00029,137.48,AUD,2026-04-16,PENDING
FIN88278010,CUST00012,1544.82,GBP,2026-05-21,PENDING
FIN52190118,CUST00098,9979.47,EUR,2025-11-24,DELIVERED
FIN04110517,CUST00054,784.92,AUD,2026-03-18,DELIVERED
FIN64650877,CUST00096,4580.58,GBP,2025-06-22,PENDING
FIN51991458,CUST00032,4081.25,GBP,2025-09-27,PENDING
FIN09313539,CUST00054,1639.08,EUR,2026-03-09,DELIVERED
FIN80519350,CUST00016,4732.49,GBP,2025-11-07,CANCELLED
FIN00242156,CUST00005,7731.67,AUD,2025-06-11,CANCELLED
FIN16157529,CUST00049,8354.27,GBP,2026-01-20,CANCELLED
FIN03787666,CUST00042,9244.21,GBP,2025-08-30,OPEN
FIN96915560,CUST00030,9466.43,AUD,2025-08-04,OPEN
FIN56331994,CUST00027,2846.63,GBP,2025-11-11,DELIVERED
FIN30742246,CUST00077,703.91,GBP,2025-12-31,OPEN
FIN54821819,CUST00008,2915.85,USD,2026-01-09,OPEN
FIN56299577,CUST00009,8710.01,GBP,2025-10-05,CANCELLED
FIN35244344,CUST00040,7279.05,USD,2026-03-09,DELIVERED
FIN10133531,CUST00067,2817.9,AUD,2026-05-25,CANCELLED
FIN34922500,CUST00010,9096.62,INR,2025-07-12,CANCELLED
FIN02694309,CUST00097,4048.4,GBP,2025-06-22,OPEN
FIN25700671,CUST00082,1721.39,USD,2026-03-12,DELIVERED
FIN81265956,CUST00070,3769.61,INR,2025-07-25,CANCELLED
FIN34281706,CUST00036,4520.94,INR,2025-12-01,DELIVERED
FIN49617909,CUST00052,5112.82,USD,2025-11-29,DELIVERED
FIN36751083,CUST00060,9927.66,INR,2025-06-06,PENDING
FIN24736465,CUST00025,1875.92,EUR,2026-01-25,DELIVERED
FIN08171624,CUST00016,578.95,EUR,2026-01-21,CANCELLED
FIN67432301,CUST00032,4336.22,USD,2025-12-06,DELIVERED
FIN60979020,CUST00011,6027.65,USD,2025-12-10,PENDING
FIN98274059,CUST00019,292.78,EUR,2026-05-05,OPEN
FIN95828063,CUST00081,9108.84,AUD,2026-01-14,OPEN
FIN29131631,CUST00061,9999.28,EUR,2025-06-05,DELIVERED
FIN57758367,CUST00088,7615.46,INR,2025-10-27,CANCELLED
FIN28278186,CUST00038,7261.12,EUR,2026-05-14,DELIVERED
FIN52542058,CUST00058,7062.32,INR,2025-06-09,PENDING
FIN58127035,CUST00031,3145.5,USD,2026-04-23,CANCELLED
FIN54680924,CUST00086,4955.47,GBP,2026-01-31,CANCELLED
FIN27197622,CUST00095,1200.06,EUR,2025-08-23,OPEN
FIN23210828,CUST00039,459.99,AUD,2026-02-05,CANCELLED
FIN87626831,CUST00017,3436.9,GBP,2025-07-01,OPEN
FIN89093051,CUST00046,2241.66,GBP,2026-01-17,CANCELLED
FIN14047718,CUST00090,8697.92,GBP,2025-05-26,OPEN
FIN28843739,CUST00050,5078.35,INR,2025-08-18,OPEN
FIN97068284,CUST00034,3386.18,AUD,2026-02-19,OPEN
FIN44409353,CUST00052,2230.83,GBP,2026-04-13,OPEN
FIN09400288,CUST00024,2237.47,USD,2026-03-03,CANCELLED
FIN66724249,CUST00100,8735.23,EUR,2025-09-06,CANCELLED
FIN64649605,CUST00015,528.16,USD,2026-03-12,PENDING
FIN45633654,CUST00002,4802.51,AUD,2025-12-31,OPEN
FIN56715860,CUST00042,2706.16,AUD,2025-08-28,DELIVERED
FIN86159383,CUST00060,4802.56,EUR,2026-02-22,DELIVERED
FIN06310541,CUST00028,4433.96,EUR,2025-05-29,CANCELLED
FIN63756401,CUST00055,5597.74,INR,2026-03-06,DELIVERED
FIN49600193,CUST00099,7823.62,GBP,2026-04-03,DELIVERED
FIN42715047,CUST00085,8113.37,GBP,2025-07-25,OPEN
FIN81100223,CUST00021,4730.22,EUR,2026-03-15,PENDING
FIN33880877,CUST00076,3108.13,AUD,2025-10-16,OPEN
FIN37012162,CUST00056,6463.6,INR,2025-12-14,PENDING
FIN80324841,CUST00062,3697.67,GBP,2026-05-06,OPEN
FIN88335129,CUST00096,9821.8,GBP,2025-09-16,OPEN
FIN07480012,CUST00039,9865.43,INR,2025-11-28,OPEN
FIN95219014,CUST00046,8203.19,GBP,2025-10-25,CANCELLED
FIN40462690,CUST00047,6533.31,USD,2025-09-29,DELIVERED
FIN96969967,CUST00040,5445.64,AUD,2025-10-24,OPEN
FIN39598607,CUST00038,7456.2,AUD,2025-05-31,PENDING
FIN60204245,CUST00051,3231.62,INR,2026-05-02,CANCELLED
FIN03292144,CUST00028,2836.97,AUD,2025-05-30,CANCELLED
FIN05344588,CUST00042,9946.54,USD,2026-03-28,OPEN
FIN23858608,CUST00083,1082.78,EUR,2026-01-26,PENDING
FIN17275220,CUST00028,6203.28,INR,2025-12-12,OPEN
FIN81516787,CUST00057,5454.9,EUR,2025-06-18,CANCELLED
FIN89969828,CUST00039,3168.24,INR,2025-06-16,DELIVERED
FIN87355844,CUST00100,6878.3,EUR,2025-12-21,OPEN
FIN71559873,CUST00015,4507.6,AUD,2026-02-01,PENDING
FIN76965851,CUST00067,5692.53,USD,2025-12-14,OPEN
FIN45012969,CUST00063,294.3,AUD,2025-09-30,DELIVERED
FIN84670994,CUST00055,1326.88,EUR,2026-01-08,CANCELLED
FIN91763056,CUST00043,8761.76,INR,2025-08-14,CANCELLED
FIN74062223,CUST00096,8550.21,INR,2025-12-16,PENDING
FIN40626764,CUST00030,4486.47,GBP,2025-10-07,CANCELLED
FIN27035399,CUST00078,4099.45,GBP,2026-02-25,DELIVERED
FIN92588032,CUST00052,3790.65,AUD,2025-12-02,OPEN
FIN02199056,CUST00004,8485.57,EUR,2025-10-07,DELIVERED
FIN88242027,CUST00047,7311.97,EUR,2025-06-20,PENDING
FIN70920610,CUST00062,2773.41,INR,2025-09-11,PENDING
FIN21588669,CUST00023,3378.15,EUR,2025-08-12,DELIVERED
FIN74479063,CUST00012,1767.08,USD,2025-07-24,OPEN
FIN91098596,CUST00050,5847.27,USD,2025-12-20,CANCELLED
FIN51879221,CUST00013,3967.23,AUD,2025-06-01,CANCELLED
FIN50624504,CUST00100,3793.79,EUR,2025-09-20,PENDING
FIN10474860,CUST00058,600.61,AUD,2026-02-11,PENDING
FIN45430025,CUST00051,7860.83,INR,2025-12-27,DELIVERED
FIN12103106,CUST00008,5334.95,INR,2025-12-24,DELIVERED
FIN37834752,CUST00027,6417.19,AUD,2025-11-10,CANCELLED
FIN81832337,CUST00017,4153.02,INR,2025-12-31,DELIVERED
FIN50752615,CUST00020,409.9,INR,2026-04-13,PENDING
FIN35615677,CUST00098,8334.74,AUD,2026-01-09,PENDING
FIN31612287,CUST00073,6957.47,INR,2025-12-18,CANCELLED
FIN30008377,CUST00042,6446.68,AUD,2025-07-17,PENDING
FIN49646516,CUST00079,1220.43,AUD,2025-12-13,PENDING
FIN80391050,CUST00024,7139.4,AUD,2026-05-22,CANCELLED
FIN90350830,CUST00061,7728.47,EUR,2025-11-11,CANCELLED
FIN96974968,CUST00100,8254.83,AUD,2025-06-02,PENDING
FIN19963934,CUST00072,7186.4,AUD,2025-09-07,DELIVERED
FIN63869995,CUST00042,2322.08,AUD,2026-05-09,PENDING
FIN50885654,CUST00066,717.92,EUR,2025-09-23,PENDING
FIN07205634,CUST00001,8866.66,GBP,2026-01-21,PENDING
FIN77286387,CUST00057,9989.3,AUD,2026-01-08,DELIVERED
FIN78664977,CUST00084,4005.62,AUD,2026-05-09,CANCELLED
FIN14500189,CUST00063,838.01,GBP,2025-06-01,OPEN
FIN09416449,CUST00082,824.24,INR,2025-10-24,DELIVERED
FIN29355967,CUST00073,9513.83,GBP,2026-01-25,OPEN
FIN91457845,CUST00022,2537.53,EUR,2025-09-24,DELIVERED
FIN42856468,CUST00098,9740.41,INR,2025-05-26,DELIVERED
FIN31982212,CUST00044,6656.79,INR,2025-09-23,CANCELLED
FIN96475886,CUST00098,854.12,AUD,2026-04-30,OPEN
FIN29699192,CUST00089,5704.97,EUR,2025-12-23,PENDING
FIN38786492,CUST00086,6117.48,USD,2026-04-21,DELIVERED
FIN04832437,CUST00078,7456.14,USD,2025-11-24,CANCELLED
FIN87093546,CUST00067,4922.85,INR,2025-12-30,DELIVERED
FIN68269501,CUST00047,8008.36,USD,2025-06-01,OPEN
FIN01568368,CUST00044,2076.45,AUD,2025-12-02,PENDING
FIN26382070,CUST00054,9726.41,INR,2026-01-21,CANCELLED
FIN44068862,CUST00041,3947.24,INR,2025-08-23,DELIVERED
FIN93209589,CUST00047,2838.03,AUD,2025-11-22,OPEN
FIN64211774,CUST00023,9058.0,EUR,2025-09-28,OPEN
FIN36765983,CUST00093,909.65,USD,2025-08-02,DELIVERED
FIN87395745,CUST00028,9449.45,AUD,2025-10-28,DELIVERED
FIN53664933,CUST00063,1872.4,EUR,2026-02-09,PENDING
FIN90352592,CUST00022,4179.32,INR,2025-09-29,CANCELLED
FIN79830473,CUST00092,1023.91,GBP,2026-02-08,CANCELLED
FIN79967409,CUST00066,8997.21,GBP,2025-08-10,OPEN
FIN54372161,CUST00043,8587.61,USD,2026-05-10,PENDING
FIN42743785,CUST00022,9335.1,INR,2025-08-29,OPEN
FIN40534610,CUST00028,7147.79,AUD,2025-06-04,OPEN
FIN62442545,CUST00069,5556.53,EUR,2025-06-03,PENDING
FIN61573180,CUST00061,5446.7,EUR,2026-05-04,DELIVERED
FIN99045918,CUST00091,3261.28,AUD,2026-02-19,OPEN
FIN58788240,CUST00009,3724.83,AUD,2025-12-22,CANCELLED
FIN63281180,CUST00074,2293.69,AUD,2025-12-05,OPEN
FIN92662937,CUST00042,6642.87,EUR,2026-01-29,PENDING
FIN65338171,CUST00067,2463.83,USD,2025-12-22,CANCELLED
FIN99179593,CUST00022,2821.33,INR,2025-10-03,PENDING
FIN59671931,CUST00039,3161.42,AUD,2025-10-07,OPEN
FIN97293749,CUST00100,9983.22,USD,2026-01-27,DELIVERED
FIN88433553,CUST00040,1253.89,EUR,2025-09-11,CANCELLED
FIN83571531,CUST00098,1706.13,GBP,2026-03-08,DELIVERED
FIN43711518,CUST00053,8775.76,AUD,2026-04-07,DELIVERED
FIN68163287,CUST00051,2655.1,USD,2025-07-26,CANCELLED
FIN46532107,CUST00088,3390.13,GBP,2026-04-01,DELIVERED
FIN75872003,CUST00085,3278.44,EUR,2025-07-08,CANCELLED
FIN53886114,CUST00099,8016.46,GBP,2025-09-11,OPEN
FIN17162906,CUST00022,4702.71,GBP,2026-05-04,CANCELLED
FIN03501204,CUST00003,1502.69,GBP,2025-08-30,CANCELLED
FIN48631130,CUST00083,5360.5,INR,2026-05-18,PENDING
FIN80099622,CUST00068,7155.76,EUR,2025-10-05,OPEN
FIN80134308,CUST00040,6730.56,USD,2026-02-27,DELIVERED
FIN37109622,CUST00084,9133.57,AUD,2025-05-31,DELIVERED
FIN16304707,CUST00090,4554.54,EUR,2026-01-05,OPEN
FIN89123390,CUST00096,7896.0,INR,2026-03-13,OPEN
FIN43130869,CUST00001,2788.88,EUR,2026-03-22,DELIVERED
FIN39118863,CUST00001,3744.45,EUR,2025-08-11,CANCELLED
FIN29355931,CUST00087,8192.12,USD,2025-10-05,CANCELLED
FIN99368358,CUST00069,8708.32,INR,2025-06-23,DELIVERED
FIN61769507,CUST00063,5254.35,EUR,2025-11-29,OPEN
FIN80044247,CUST00038,9831.15,EUR,2025-12-06,DELIVERED
FIN51564688,CUST00027,7579.4,AUD,2026-04-01,OPEN
FIN46126923,CUST00008,6800.33,GBP,2025-10-08,OPEN
FIN67458100,CUST00005,9551.04,USD,2025-07-19,PENDING
FIN74943887,CUST00067,9788.61,EUR,2025-12-19,PENDING
FIN12540561,CUST00079,2556.41,GBP,2025-08-07,PENDING
FIN42707509,CUST00060,7031.85,GBP,2025-06-20,DELIVERED
FIN46635709,CUST00042,9243.59,INR,2025-09-03,DELIVERED
FIN02316120,CUST00075,1064.25,GBP,2025-12-31,PENDING
FIN39283640,CUST00052,262.31,GBP,2025-06-17,CANCELLED
FIN33748997,CUST00033,7215.96,AUD,2026-05-19,PENDING
FIN35567034,CUST00008,1718.86,EUR,2026-03-08,CANCELLED
FIN88311671,CUST00028,6875.45,AUD,2025-07-16,CANCELLED
FIN10659544,CUST00017,5128.98,AUD,2025-09-16,CANCELLED
FIN83107284,CUST00082,809.77,EUR,2025-09-27,CANCELLED
FIN65035457,CUST00032,2220.4,USD,2025-12-01,OPEN
FIN58845893,CUST00090,2199.5,USD,2025-05-31,CANCELLED
FIN35168575,CUST00038,7934.15,GBP,2026-03-16,CANCELLED
FIN32481536,CUST00100,1015.31,USD,2025-06-08,OPEN
FIN31409945,CUST00036,5852.51,INR,2025-09-08,PENDING
FIN11005320,CUST00055,1292.83,GBP,2025-10-01,DELIVERED
FIN67367927,CUST00057,8738.11,GBP,2025-07-17,PENDING
FIN14540392,CUST00043,3126.74,INR,2025-12-28,DELIVERED
FIN00061939,CUST00069,9833.33,AUD,2026-05-11,OPEN
FIN21049060,CUST00005,5061.43,AUD,2025-11-05,PENDING
FIN20277790,CUST00056,6045.18,AUD,2025-05-25,CANCELLED
FIN59744034,CUST00024,2697.77,AUD,2025-08-21,CANCELLED
FIN04161801,CUST00100,8070.49,EUR,2025-10-16,OPEN
FIN96005597,CUST00026,7055.31,AUD,2025-08-09,DELIVERED
FIN90983287,CUST00008,1602.47,AUD,2025-07-19,CANCELLED
FIN29850401,CUST00048,7803.85,INR,2025-07-24,PENDING
FIN84340557,CUST00092,3097.53,AUD,2026-02-28,DELIVERED
FIN25079973,CUST00070,8529.26,INR,2025-06-29,PENDING
FIN78845746,CUST00081,2238.64,EUR,2025-08-15,OPEN
FIN85304550,CUST00074,9311.48,AUD,2025-06-07,DELIVERED
FIN70016899,CUST00001,2878.3,GBP,2026-03-03,DELIVERED
FIN45920432,CUST00023,5796.65,GBP,2026-02-02,CANCELLED
FIN44107118,CUST00069,3914.53,INR,2025-10-09,DELIVERED
FIN91861884,CUST00038,4730.25,INR,2026-03-11,PENDING
FIN62314124,CUST00053,2565.46,AUD,2026-01-04,DELIVERED
FIN69704602,CUST00059,6202.05,INR,2026-05-05,DELIVERED
FIN63632674,CUST00024,935.14,USD,2025-06-06,DELIVERED
FIN08655708,CUST00007,6540.04,EUR,2026-02-01,PENDING
FIN81783055,CUST00051,5557.36,USD,2025-08-07,DELIVERED
FIN76190983,CUST00055,8161.35,EUR,2026-05-02,CANCELLED
FIN29874322,CUST00018,5303.97,USD,2025-12-18,OPEN
FIN83341376,CUST00087,8152.23,EUR,2025-07-19,CANCELLED
FIN34841263,CUST00035,3057.74,EUR,2025-09-24,CANCELLED
FIN68833774,CUST00036,1146.1,GBP,2025-07-23,DELIVERED
FIN03707209,CUST00051,7882.97,USD,2026-04-17,OPEN
FIN55478312,CUST00063,5513.77,USD,2025-06-27,PENDING
FIN13081473,CUST00021,1908.72,USD,2025-07-09,OPEN
FIN89629570,CUST00087,6396.92,EUR,2025-09-10,PENDING
FIN47070031,CUST00015,4164.92,EUR,2025-11-16,PENDING
FIN36745817,CUST00043,1622.23,USD,2025-09-14,CANCELLED
FIN17141689,CUST00055,5804.5,GBP,2026-04-23,OPEN
FIN86615439,CUST00068,4452.69,AUD,2025-11-14,CANCELLED
FIN25774959,CUST00057,3550.93,AUD,2026-05-19,DELIVERED
FIN46190100,CUST00089,9134.42,INR,2025-11-18,DELIVERED
FIN72596090,CUST00052,9596.61,EUR,2026-03-27,OPEN
FIN51726090,CUST00032,6240.6,GBP,2025-07-26,DELIVERED
FIN65954578,CUST00059,2769.54,USD,2026-03-02,OPEN
FIN45470476,CUST00061,3776.79,GBP,2026-04-28,DELIVERED
FIN83231631,CUST00070,111.65,AUD,2025-07-15,PENDING
FIN22851519,CUST00002,875.28,AUD,2025-06-01,PENDING
FIN34069451,CUST00087,5929.68,GBP,2025-10-10,PENDING
FIN50074616,CUST00079,9941.86,EUR,2025-12-14,DELIVERED
FIN46848976,CUST00043,1175.96,USD,2026-03-28,OPEN
FIN78926995,CUST00095,5387.36,INR,2026-04-09,DELIVERED
FIN76944260,CUST00051,859.88,EUR,2026-02-08,PENDING
FIN67126104,CUST00084,1969.63,EUR,2026-04-19,DELIVERED
FIN76187771,CUST00100,5749.1,EUR,2026-05-05,PENDING
FIN14397171,CUST00012,4138.38,USD,2025-06-03,OPEN
FIN48301554,CUST00030,3500.05,USD,2025-06-03,DELIVERED
FIN05052175,CUST00052,2281.61,AUD,2026-03-20,CANCELLED
FIN41831359,CUST00042,4090.15,EUR,2026-05-03,CANCELLED
FIN50689230,CUST00044,1386.26,GBP,2025-08-06,PENDING
FIN14842628,CUST00014,528.81,GBP,2025-09-21,PENDING
FIN59271235,CUST00066,2922.01,AUD,2025-07-07,PENDING
FIN77117147,CUST00018,369.65,INR,2026-02-23,CANCELLED
FIN22181262,CUST00027,8099.46,AUD,2026-01-17,PENDING
FIN82505763,CUST00004,8693.36,EUR,2026-05-06,OPEN
FIN90204248,CUST00040,6609.12,USD,2025-05-28,OPEN
FIN23240404,CUST00066,5591.21,GBP,2026-05-19,PENDING
FIN46328143,CUST00074,9350.96,AUD,2026-03-30,OPEN
FIN63874612,CUST00012,8028.39,GBP,2026-02-15,PENDING
FIN44538156,CUST00010,5642.37,AUD,2026-01-23,CANCELLED
FIN20129457,CUST00076,4685.09,AUD,2025-09-21,DELIVERED
FIN40740175,CUST00076,6596.43,AUD,2026-02-07,OPEN
FIN79634780,CUST00098,8117.89,AUD,2026-01-02,OPEN
FIN75247459,CUST00091,1477.81,EUR,2025-09-25,OPEN
FIN70840316,CUST00037,9007.95,INR,2026-05-01,DELIVERED
FIN36785347,CUST00008,1652.73,USD,2026-05-03,OPEN
FIN88814612,CUST00029,9598.44,INR,2026-01-10,CANCELLED
FIN52653687,CUST00073,6443.82,EUR,2026-01-09,PENDING
FIN64679982,CUST00030,5396.74,USD,2026-01-09,OPEN
FIN03925328,CUST00069,5503.11,AUD,2026-03-11,DELIVERED
FIN15105805,CUST00096,3076.96,EUR,2026-02-04,PENDING
FIN91817470,CUST00069,4516.55,EUR,2025-11-09,PENDING
FIN81943436,CUST00069,4182.83,AUD,2026-03-07,DELIVERED
FIN88191196,CUST00078,5786.59,INR,2026-05-11,DELIVERED
FIN50157116,CUST00017,4982.37,AUD,2025-06-11,OPEN
FIN89385623,CUST00001,2896.32,EUR,2025-12-25,DELIVERED
FIN57031858,CUST00033,6803.77,EUR,2026-01-16,CANCELLED
FIN89648114,CUST00071,2131.04,GBP,2025-09-10,OPEN
FIN09986047,CUST00012,9900.11,USD,2025-10-07,CANCELLED
FIN56189938,CUST00081,6307.9,AUD,2025-09-18,PENDING
FIN86536746,CUST00037,2783.56,AUD,2026-04-05,DELIVERED
FIN24368885,CUST00046,8926.67,AUD,2025-11-17,PENDING
FIN17702485,CUST00027,5773.3,USD,2026-01-15,OPEN
FIN58551713,CUST00050,741.62,EUR,2026-03-27,DELIVERED
FIN05721779,CUST00056,8200.54,AUD,2026-01-25,DELIVERED
FIN01594780,CUST00048,4667.82,AUD,2026-01-22,PENDING
FIN36626920,CUST00069,8221.02,INR,2026-02-26,OPEN
FIN35528357,CUST00024,7749.19,EUR,2025-09-30,DELIVERED
FIN96551026,CUST00055,4163.33,INR,2026-02-27,PENDING
FIN12754601,CUST00078,2142.03,EUR,2025-10-15,OPEN
FIN71005064,CUST00006,5300.17,INR,2026-05-08,OPEN
FIN61383586,CUST00024,8885.89,EUR,2026-02-22,CANCELLED
FIN33699948,CUST00081,320.94,INR,2025-08-19,PENDING
FIN85581640,CUST00023,4558.72,GBP,2025-12-23,DELIVERED
FIN93123272,CUST00028,6389.7,GBP,2026-01-08,CANCELLED
FIN48516807,CUST00042,7042.61,GBP,2025-10-30,OPEN
FIN59418981,CUST00090,5915.69,INR,2025-11-19,DELIVERED
FIN38181128,CUST00074,4773.86,GBP,2025-07-19,CANCELLED
FIN31258042,CUST00058,6674.92,AUD,2025-06-02,CANCELLED
FIN02493269,CUST00003,554.48,EUR,2025-07-13,PENDING
FIN48738733,CUST00036,4785.47,INR,2025-07-21,PENDING
FIN18690461,CUST00093,2232.09,GBP,2025-07-09,CANCELLED
FIN82956675,CUST00091,3297.61,GBP,2026-05-01,PENDING
FIN76022224,CUST00041,7950.38,AUD,2025-07-01,OPEN
FIN78944442,CUST00025,9936.0,EUR,2025-09-03,PENDING
FIN57934123,CUST00017,7266.83,EUR,2025-08-02,OPEN
FIN48627374,CUST00026,4871.73,USD,2026-03-16,PENDING
FIN78228268,CUST00040,4653.93,AUD,2026-05-09,PENDING
FIN20156224,CUST00075,6404.77,GBP,2026-02-10,OPEN
FIN93435712,CUST00095,2236.23,EUR,2025-07-02,CANCELLED
FIN15769772,CUST00061,9191.29,INR,2025-09-08,PENDING
FIN06185874,CUST00012,7358.4,EUR,2025-11-09,CANCELLED
FIN38428620,CUST00015,1975.01,USD,2025-07-25,OPEN
FIN19709120,CUST00027,677.15,GBP,2026-02-06,CANCELLED
FIN07106192,CUST00086,8980.32,EUR,2026-04-07,PENDING
FIN97736973,CUST00007,9100.53,EUR,2025-07-07,OPEN
FIN75242183,CUST00083,8719.21,AUD,2026-02-16,CANCELLED
FIN77405101,CUST00096,4887.28,INR,2025-06-30,DELIVERED
FIN43498745,CUST00003,4793.47,INR,2025-09-26,CANCELLED
FIN41652155,CUST00084,4778.69,USD,2026-05-01,DELIVERED
FIN37923770,CUST00072,7496.21,USD,2026-02-03,DELIVERED
FIN03561883,CUST00006,310.89,INR,2025-08-05,DELIVERED
FIN88683234,CUST00078,3165.49,GBP,2025-10-02,DELIVERED
FIN65990954,CUST00087,407.45,USD,2025-05-30,OPEN
FIN77710047,CUST00036,5528.3,AUD,2025-12-04,CANCELLED
FIN32274898,CUST00044,5707.01,USD,2025-07-04,DELIVERED
FIN66696444,CUST00034,3161.06,GBP,2025-08-13,CANCELLED
FIN55833644,CUST00031,988.61,GBP,2025-11-20,PENDING
FIN35061081,CUST00020,633.23,USD,2025-10-17,PENDING
FIN16123441,CUST00038,328.55,USD,2025-12-05,DELIVERED
FIN20030052,CUST00053,2276.54,USD,2025-10-08,DELIVERED
FIN54453342,CUST00037,8888.86,INR,2025-11-04,CANCELLED
FIN64382799,CUST00057,2834.74,USD,2026-03-16,OPEN
FIN98703749,CUST00093,7930.46,EUR,2025-09-17,CANCELLED
FIN94227509,CUST00010,9521.87,GBP,2026-03-23,PENDING
FIN84585602,CUST00048,9307.31,INR,2025-09-20,OPEN
FIN91960706,CUST00083,2114.09,USD,2026-01-17,PENDING
FIN94730668,CUST00038,8571.11,AUD,2025-07-26,OPEN
FIN17274852,CUST00083,423.71,GBP,2025-07-19,PENDING
FIN11438171,CUST00100,2171.79,GBP,2025-06-02,CANCELLED
FIN71090806,CUST00055,8994.55,INR,2025-08-16,DELIVERED
FIN64242710,CUST00049,1021.04,GBP,2026-02-18,OPEN
FIN29320747,CUST00038,4757.14,INR,2025-07-14,DELIVERED
FIN18036645,CUST00011,6004.11,INR,2025-09-06,OPEN
FIN02831072,CUST00081,1953.2,USD,2025-09-17,DELIVERED
FIN55334215,CUST00032,6913.56,USD,2025-06-18,PENDING
FIN21217693,CUST00031,158.31,GBP,2025-07-27,DELIVERED
FIN33878473,CUST00065,1297.03,EUR,2025-11-01,CANCELLED
FIN45502866,CUST00027,730.8,GBP,2025-06-11,OPEN
FIN66725420,CUST00058,9299.51,INR,2026-02-23,DELIVERED
FIN44303417,CUST00002,3962.93,INR,2026-05-15,PENDING
FIN66655743,CUST00062,4947.27,USD,2025-07-15,PENDING
FIN04285300,CUST00068,1313.16,GBP,2025-09-22,OPEN
FIN27379443,CUST00054,9300.57,EUR,2026-03-18,PENDING
FIN44773259,CUST00080,5883.63,AUD,2025-10-05,CANCELLED
FIN54970710,CUST00003,9506.57,EUR,2025-11-26,CANCELLED
FIN92408225,CUST00059,896.18,GBP,2025-12-01,CANCELLED
FIN59919591,CUST00018,7858.69,INR,2026-05-09,CANCELLED
FIN50461898,CUST00038,9934.67,AUD,2025-07-14,OPEN
FIN73829490,CUST00009,462.49,GBP,2026-05-01,PENDING
FIN20972649,CUST00077,1402.73,AUD,2026-02-25,DELIVERED
FIN18664912,CUST00090,5141.69,AUD,2026-04-13,CANCELLED
FIN82019362,CUST00092,844.93,EUR,2025-07-02,CANCELLED
FIN51869093,CUST00064,3902.99,EUR,2025-12-14,DELIVERED
FIN05400122,CUST00086,8815.54,AUD,2025-11-30,PENDING
FIN77664907,CUST00008,3923.02,USD,2026-04-17,OPEN
FIN95614642,CUST00020,8030.46,AUD,2026-04-27,PENDING
FIN47222474,CUST00018,3802.8,GBP,2026-03-25,CANCELLED
FIN83849348,CUST00025,651.17,AUD,2025-07-24,CANCELLED
FIN89652109,CUST00031,8355.11,GBP,2026-05-15,CANCELLED
FIN77694324,CUST00016,941.59,EUR,2025-06-06,CANCELLED
FIN32072889,CUST00057,7925.5,EUR,2026-03-08,OPEN
FIN86803393,CUST00099,9882.63,USD,2025-12-03,CANCELLED
FIN48234390,CUST00043,3800.43,EUR,2026-01-21,PENDING
FIN02199686,CUST00095,1263.62,USD,2026-04-23,PENDING
FIN81995498,CUST00085,8281.36,USD,2026-04-30,OPEN
FIN52296884,CUST00045,5558.7,INR,2026-02-11,OPEN
FIN66211264,CUST00001,2930.96,INR,2025-11-23,DELIVERED
FIN16556438,CUST00097,6096.18,USD,2025-11-22,PENDING
FIN10502326,CUST00090,2620.47,EUR,2025-12-29,PENDING
FIN49516958,CUST00030,5989.78,USD,2026-04-01,CANCELLED
FIN67251709,CUST00039,4920.95,INR,2026-02-14,CANCELLED
FIN07249510,CUST00073,3127.85,USD,2026-05-03,PENDING
FIN42124390,CUST00024,2640.1,EUR,2025-12-09,DELIVERED
FIN03924799,CUST00047,6596.85,INR,2026-05-06,PENDING
FIN81171411,CUST00040,8905.31,AUD,2026-02-05,DELIVERED
FIN47098585,CUST00071,7481.68,INR,2025-06-15,PENDING
FIN13243868,CUST00028,9069.94,EUR,2025-06-23,OPEN
FIN30044125,CUST00068,4606.98,EUR,2026-02-06,CANCELLED
FIN58201777,CUST00033,2131.05,GBP,2026-05-15,PENDING
FIN06307141,CUST00027,7090.88,USD,2025-06-04,DELIVERED
FIN35937230,CUST00024,1429.42,AUD,2026-01-27,OPEN
FIN17799038,CUST00010,7765.82,EUR,2025-11-20,CANCELLED
FIN34421942,CUST00005,7414.26,EUR,2025-09-09,OPEN
FIN49907312,CUST00080,3852.91,EUR,2025-06-22,CANCELLED
FIN16471955,CUST00070,5480.84,EUR,2026-04-01,CANCELLED
FIN56183335,CUST00015,8448.38,USD,2025-12-03,CANCELLED
FIN25613009,CUST00092,1141.68,GBP,2025-06-17,DELIVERED
FIN53348658,CUST00063,7942.74,GBP,2026-05-15,CANCELLED
FIN38073258,CUST00070,6888.04,AUD,2026-05-10,OPEN
FIN95378018,CUST00051,8852.5,EUR,2025-07-25,DELIVERED
FIN69433753,CUST00010,2147.38,INR,2025-06-05,CANCELLED
FIN45141042,CUST00094,4110.64,EUR,2025-10-22,DELIVERED
FIN37216707,CUST00054,7486.82,GBP,2025-12-13,PENDING
FIN44580506,CUST00090,1711.93,INR,2026-04-27,DELIVERED
FIN33352125,CUST00054,8804.45,AUD,2025-11-14,CANCELLED
FIN17949455,CUST00014,3288.29,INR,2026-01-10,OPEN
FIN90662041,CUST00057,1426.43,INR,2026-03-15,PENDING
FIN29230603,CUST00034,9362.19,GBP,2025-07-15,CANCELLED
FIN05166287,CUST00095,9935.77,GBP,2026-02-19,CANCELLED
FIN05457319,CUST00011,7424.37,USD,2026-02-22,DELIVERED
FIN58842263,CUST00078,4286.39,EUR,2025-08-24,DELIVERED
FIN19296676,CUST00058,5524.43,AUD,2025-12-02,OPEN
FIN18554210,CUST00081,4879.21,AUD,2025-11-21,OPEN
FIN81406215,CUST00062,3672.04,INR,2025-09-25,DELIVERED
FIN84905358,CUST00073,3608.38,EUR,2025-12-16,DELIVERED
FIN31465837,CUST00050,3980.26,INR,2026-04-22,OPEN
FIN32280348,CUST00073,1970.68,INR,2025-07-14,OPEN
FIN16710374,CUST00015,3528.5,AUD,2025-08-15,PENDING
FIN49884234,CUST00091,376.48,GBP,2025-06-07,OPEN
FIN10350362,CUST00041,5227.33,USD,2026-04-07,OPEN
FIN87245135,CUST00036,4224.82,USD,2026-03-24,CANCELLED
FIN90649034,CUST00037,5332.69,AUD,2025-12-01,OPEN
FIN32379558,CUST00051,8699.93,EUR,2026-04-05,CANCELLED
FIN62582273,CUST00067,6272.15,GBP,2026-04-02,OPEN
FIN46466888,CUST00017,2992.5,INR,2025-10-08,PENDING
FIN91229182,CUST00055,5037.06,GBP,2025-12-02,OPEN
FIN19417828,CUST00011,1939.09,GBP,2026-01-03,CANCELLED
FIN86112186,CUST00007,3386.7,EUR,2025-11-18,DELIVERED
FIN44907619,CUST00097,9088.15,AUD,2025-10-16,DELIVERED
FIN67441668,CUST00080,9863.2,GBP,2025-10-29,CANCELLED
FIN20147868,CUST00047,9919.62,EUR,2025-07-04,OPEN
FIN72934095,CUST00012,2955.44,AUD,2025-12-31,OPEN
FIN76367778,CUST00027,2680.51,AUD,2025-11-25,OPEN
FIN06996824,CUST00037,9623.9,USD,2025-11-10,OPEN
FIN86710641,CUST00042,104.06,INR,2025-10-03,DELIVERED
FIN47284059,CUST00020,7440.64,AUD,2025-11-21,PENDING
FIN91561428,CUST00079,875.13,GBP,2026-05-09,PENDING
FIN01976698,CUST00065,5412.76,AUD,2025-09-08,PENDING
FIN94629129,CUST00083,9525.94,EUR,2025-09-06,DELIVERED
FIN59189892,CUST00001,5961.75,GBP,2025-11-27,CANCELLED
FIN19185558,CUST00064,5897.3,EUR,2025-10-29,PENDING
FIN36305066,CUST00083,330.37,EUR,2025-11-21,PENDING
FIN92884960,CUST00014,3883.6,EUR,2025-10-27,CANCELLED
FIN16265019,CUST00023,4153.05,USD,2026-03-12,CANCELLED
FIN06139668,CUST00097,366.27,AUD,2025-12-04,OPEN
FIN50901117,CUST00057,189.25,USD,2025-07-04,DELIVERED
FIN35324074,CUST00050,7784.31,EUR,2025-07-27,CANCELLED
FIN94565857,CUST00088,101.21,EUR,2025-10-27,DELIVERED
FIN18409901,CUST00033,1740.86,GBP,2025-11-29,PENDING
FIN09244014,CUST00013,5919.71,GBP,2025-12-20,CANCELLED
FIN68937172,CUST00033,3024.93,AUD,2025-11-05,CANCELLED
FIN07989079,CUST00050,5308.83,USD,2026-05-11,DELIVERED
FIN25160898,CUST00068,2769.93,EUR,2026-02-04,CANCELLED
FIN64692618,CUST00061,1546.17,GBP,2026-03-26,DELIVERED
FIN39952493,CUST00069,7341.13,AUD,2025-10-21,DELIVERED
FIN93478509,CUST00076,187.99,GBP,2026-05-21,CANCELLED
FIN26354034,CUST00086,1022.92,INR,2025-10-11,DELIVERED
FIN13705428,CUST00025,6365.05,GBP,2025-06-28,DELIVERED
FIN01080179,CUST00006,6275.8,AUD,2025-08-06,CANCELLED
FIN08232446,CUST00020,4626.24,AUD,2025-06-18,OPEN
FIN26168814,CUST00034,3319.23,AUD,2026-02-15,DELIVERED
FIN48581563,CUST00089,1041.53,GBP,2025-12-17,CANCELLED
FIN13582465,CUST00023,7010.69,INR,2026-04-18,CANCELLED
FIN81203627,CUST00002,4362.9,AUD,2026-03-16,PENDING
FIN76783096,CUST00064,7362.0,AUD,2025-07-17,CANCELLED
FIN75989067,CUST00062,4140.27,GBP,2026-03-07,DELIVERED
FIN60814400,CUST00094,6871.26,GBP,2025-07-28,DELIVERED
FIN12722062,CUST00094,2782.53,INR,2026-01-19,CANCELLED
FIN78414321,CUST00066,2267.36,EUR,2026-05-08,OPEN
FIN66675132,CUST00077,425.1,GBP,2026-03-27,DELIVERED
FIN30870641,CUST00087,1423.66,USD,2025-07-05,DELIVERED
FIN22145583,CUST00061,9235.34,AUD,2025-12-07,CANCELLED
FIN94476145,CUST00056,6110.43,USD,2025-12-28,DELIVERED
FIN61642342,CUST00069,4282.81,INR,2025-08-09,CANCELLED
FIN13328332,CUST00063,9311.75,USD,2026-05-16,DELIVERED
FIN29824562,CUST00046,8488.23,USD,2025-07-11,OPEN
FIN80361965,CUST00027,6919.27,INR,2025-10-23,CANCELLED
FIN33159412,CUST00054,6755.3,GBP,2026-04-23,CANCELLED
FIN26515115,CUST00030,3744.34,EUR,2026-04-12,OPEN
FIN81600331,CUST00006,9710.35,INR,2026-05-25,OPEN
FIN63409977,CUST00034,6469.02,EUR,2025-12-20,PENDING
FIN38706962,CUST00011,3434.07,EUR,2025-09-23,CANCELLED
FIN59571466,CUST00019,7005.59,AUD,2026-04-07,DELIVERED
FIN79297490,CUST00007,2930.63,USD,2026-03-17,CANCELLED
FIN13736412,CUST00058,8681.21,USD,2026-05-18,OPEN
FIN27198777,CUST00001,6514.49,AUD,2026-03-28,PENDING
FIN64499499,CUST00029,2022.3,EUR,2025-11-13,OPEN
FIN32000904,CUST00087,3235.98,INR,2026-05-09,CANCELLED
FIN62357589,CUST00049,1934.61,EUR,2026-02-04,CANCELLED
FIN41384924,CUST00066,7525.42,GBP,2025-12-09,CANCELLED
FIN60323170,CUST00059,119.09,GBP,2025-07-31,PENDING
FIN39756326,CUST00032,2755.33,EUR,2026-03-24,OPEN
FIN09523853,CUST00017,375.63,EUR,2026-02-09,DELIVERED
FIN81394640,CUST00020,9743.35,EUR,2025-11-27,PENDING
FIN27779867,CUST00053,1208.95,INR,2025-06-15,CANCELLED
FIN49630256,CUST00052,9701.42,GBP,2025-05-30,PENDING
FIN81200267,CUST00024,5199.76,AUD,2025-08-04,PENDING
FIN06903015,CUST00023,2408.36,USD,2025-12-31,DELIVERED
FIN45389367,CUST00032,145.17,EUR,2026-05-14,CANCELLED
FIN81347236,CUST00071,3068.75,INR,2025-11-05,CANCELLED
FIN38973589,CUST00024,5098.12,GBP,2025-11-04,PENDING
FIN42854196,CUST00028,4550.19,GBP,2026-04-12,CANCELLED
FIN35487472,CUST00007,7258.54,GBP,2025-06-11,PENDING
FIN64004345,CUST00031,4659.12,AUD,2025-09-27,OPEN
FIN42865438,CUST00094,5488.76,AUD,2025-08-06,CANCELLED
FIN53063635,CUST00095,2249.7,INR,2025-07-24,OPEN
FIN51373716,CUST00073,7851.79,EUR,2026-02-21,OPEN
FIN91678870,CUST00034,1900.91,EUR,2025-11-05,DELIVERED
FIN07839829,CUST00093,9594.22,USD,2025-06-20,PENDING
FIN94216924,CUST00092,1480.09,EUR,2025-07-08,PENDING
FIN51188047,CUST00097,8010.97,GBP,2026-05-10,OPEN
FIN38387735,CUST00039,6465.38,AUD,2026-03-29,OPEN
FIN79004512,CUST00077,315.24,USD,2026-03-01,PENDING
FIN13587395,CUST00076,5952.96,INR,2025-06-19,OPEN
FIN82576188,CUST00042,2149.36,AUD,2025-10-05,CANCELLED
FIN85525818,CUST00044,390.71,INR,2025-06-02,PENDING
FIN65686336,CUST00041,5112.27,USD,2025-10-30,CANCELLED
FIN39834284,CUST00099,7840.03,INR,2025-11-07,OPEN
FIN72608210,CUST00009,7299.62,GBP,2025-07-09,DELIVERED
FIN22366931,CUST00052,5957.84,AUD,2025-09-20,DELIVERED
FIN38302416,CUST00036,3708.72,USD,2026-04-25,DELIVERED
FIN69741938,CUST00024,4115.17,AUD,2025-06-10,PENDING
FIN65096396,CUST00042,4224.76,INR,2026-02-02,CANCELLED
FIN03235115,CUST00097,4753.94,AUD,2025-11-03,PENDING
FIN26185210,CUST00056,1343.69,INR,2025-12-25,CANCELLED
FIN57942044,CUST00091,1832.99,USD,2025-07-12,CANCELLED
FIN61521758,CUST00027,3709.92,AUD,2025-12-20,DELIVERED
FIN45415189,CUST00097,5363.18,USD,2025-12-24,OPEN
FIN01280029,CUST00033,6199.14,USD,2026-02-08,CANCELLED
FIN97428599,CUST00097,8114.42,USD,2026-04-09,CANCELLED
FIN57904584,CUST00069,6646.54,AUD,2025-10-05,DELIVERED
FIN36405979,CUST00098,5172.66,INR,2026-04-19,DELIVERED
FIN14663321,CUST00044,9131.52,INR,2026-03-24,DELIVERED
FIN43969975,CUST00003,959.35,INR,2026-03-19,OPEN
FIN08858597,CUST00077,152.94,EUR,2026-05-02,DELIVERED
FIN62893935,CUST00041,4519.8,EUR,2026-01-18,OPEN
FIN99718885,CUST00027,5935.66,USD,2025-09-22,OPEN
FIN10136673,CUST00036,5490.33,INR,2026-01-18,PENDING
FIN67413034,CUST00094,3832.25,EUR,2025-07-01,PENDING
FIN78493113,CUST00045,7603.6,EUR,2025-10-30,CANCELLED
FIN73353374,CUST00017,6733.89,USD,2025-11-25,DELIVERED
FIN71544872,CUST00084,6238.79,USD,2025-07-14,OPEN
FIN81244277,CUST00038,7493.93,AUD,2026-02-03,PENDING
FIN85382362,CUST00001,6220.5,USD,2026-05-18,CANCELLED
FIN45441467,CUST00077,2682.38,EUR,2026-03-22,PENDING
FIN83496492,CUST00017,9515.17,AUD,2025-08-12,CANCELLED
FIN49022871,CUST00060,1352.82,USD,2026-03-03,CANCELLED
FIN57141384,CUST00044,802.02,INR,2025-10-03,OPEN
FIN68981066,CUST00034,8788.76,INR,2025-10-24,PENDING
FIN29888465,CUST00024,9555.59,EUR,2025-11-09,DELIVERED
FIN81203743,CUST00079,6095.02,INR,2025-08-21,DELIVERED
FIN35689505,CUST00021,5065.19,INR,2025-08-13,DELIVERED
FIN00193169,CUST00062,5533.47,EUR,2026-03-11,CANCELLED
FIN34666701,CUST00044,635.73,USD,2026-04-20,DELIVERED
FIN28437792,CUST00021,5848.33,AUD,2025-07-30,DELIVERED
FIN12545880,CUST00091,5845.35,GBP,2026-01-30,OPEN
FIN05689972,CUST00065,7913.38,INR,2025-11-27,PENDING
FIN57040500,CUST00020,3989.51,GBP,2025-06-16,PENDING
FIN68562277,CUST00059,1966.01,GBP,2026-02-10,DELIVERED
FIN78891165,CUST00018,2062.22,EUR,2026-05-01,PENDING
FIN09856254,CUST00008,7037.09,EUR,2026-04-29,PENDING
FIN63561936,CUST00087,3592.85,EUR,2025-07-06,PENDING
FIN10307726,CUST00056,6954.58,GBP,2026-03-22,OPEN
FIN43758785,CUST00023,9684.83,INR,2026-05-11,OPEN
FIN86216069,CUST00079,1464.53,USD,2026-01-04,PENDING
FIN65770252,CUST00095,831.37,AUD,2025-06-30,CANCELLED
FIN15164871,CUST00068,3931.88,INR,2025-09-16,DELIVERED
FIN67541233,CUST00092,4727.49,INR,2025-07-31,PENDING
FIN08356692,CUST00033,736.13,GBP,2025-11-16,CANCELLED
FIN58369535,CUST00068,5350.61,EUR,2025-09-12,CANCELLED
FIN70278511,CUST00031,7698.38,INR,2025-11-14,DELIVERED
FIN91908697,CUST00013,5799.93,INR,2025-10-11,DELIVERED
FIN30662543,CUST00057,4593.32,AUD,2025-08-18,CANCELLED
FIN96538465,CUST00021,7390.93,USD,2025-12-24,PENDING
FIN11297847,CUST00076,7643.58,INR,2025-12-27,DELIVERED
FIN47890520,CUST00004,2241.3,EUR,2025-07-14,DELIVERED
FIN19519389,CUST00068,2223.52,INR,2025-05-25,OPEN
FIN80242112,CUST00033,6085.17,GBP,2025-05-28,PENDING
FIN96893783,CUST00031,9733.39,AUD,2025-07-04,DELIVERED
FIN41958043,CUST00067,6368.25,GBP,2025-08-20,DELIVERED
FIN39351998,CUST00063,9216.65,GBP,2025-11-20,CANCELLED
FIN14135375,CUST00033,6567.31,USD,2025-06-27,DELIVERED
FIN89882781,CUST00081,3224.29,GBP,2025-11-15,DELIVERED
FIN81647441,CUST00025,4704.65,GBP,2026-05-25,PENDING
FIN94610688,CUST00071,2823.18,USD,2025-08-12,PENDING
FIN17227356,CUST00024,745.71,USD,2025-07-01,CANCELLED
FIN45130536,CUST00011,3752.02,AUD,2026-05-13,OPEN
FIN22651753,CUST00084,1315.34,USD,2025-07-09,DELIVERED
FIN16635183,CUST00087,256.42,EUR,2025-08-07,DELIVERED
FIN77943803,CUST00080,9217.3,INR,2026-02-17,CANCELLED
FIN75779685,CUST00055,3998.64,USD,2026-01-23,DELIVERED
FIN50642158,CUST00078,4609.67,USD,2025-08-02,PENDING
FIN31453108,CUST00022,3574.91,EUR,2026-02-08,CANCELLED
FIN47557141,CUST00063,6338.31,GBP,2026-02-23,OPEN
FIN17632424,CUST00080,590.63,EUR,2025-12-31,CANCELLED
FIN56797620,CUST00053,7338.4,GBP,2025-10-08,DELIVERED
FIN52110719,CUST00034,5222.49,EUR,2025-07-26,CANCELLED
FIN90828939,CUST00087,6231.97,EUR,2025-11-19,OPEN
FIN63260878,CUST00075,6148.89,GBP,2026-03-26,OPEN
FIN05845834,CUST00074,4148.89,INR,2026-05-11,PENDING
FIN13998454,CUST00050,7544.8,EUR,2026-02-16,CANCELLED
FIN40564709,CUST00040,8056.46,EUR,2026-01-09,PENDING
FIN82534340,CUST00020,8018.4,GBP,2025-10-24,PENDING
FIN84903405,CUST00062,222.63,GBP,2026-02-25,DELIVERED
FIN96530981,CUST00004,3082.72,GBP,2026-04-15,OPEN
FIN03078870,CUST00033,7880.15,AUD,2025-12-28,PENDING
FIN68026751,CUST00008,7395.32,EUR,2026-01-20,DELIVERED
FIN36337698,CUST00064,4893.71,INR,2026-05-11,DELIVERED
FIN18759244,CUST00020,9107.93,USD,2026-04-22,OPEN
FIN06096869,CUST00015,5442.68,AUD,2025-09-20,OPEN
FIN10474426,CUST00012,4576.58,INR,2025-12-27,DELIVERED
FIN92485828,CUST00094,4991.15,EUR,2026-02-03,PENDING
FIN95139786,CUST00018,9443.24,INR,2025-12-01,DELIVERED
FIN23642581,CUST00033,8062.03,INR,2026-01-21,OPEN
FIN52855628,CUST00021,2519.66,EUR,2026-02-15,OPEN
FIN18115440,CUST00012,9716.17,AUD,2025-07-18,CANCELLED
FIN81151891,CUST00086,3135.25,INR,2025-10-02,PENDING
FIN64293969,CUST00090,360.69,INR,2026-01-30,CANCELLED
FIN92956298,CUST00079,6278.92,USD,2025-12-17,CANCELLED
FIN38671049,CUST00054,4022.11,GBP,2025-09-26,PENDING
FIN90556232,CUST00072,1977.93,INR,2025-07-30,OPEN
FIN36451608,CUST00088,3234.51,INR,2025-07-31,DELIVERED
FIN42472158,CUST00089,2461.4,GBP,2026-03-27,OPEN
FIN49363675,CUST00080,5146.2,USD,2025-08-07,OPEN
FIN68892031,CUST00033,4681.07,AUD,2026-05-16,OPEN
FIN77315253,CUST00076,8882.35,EUR,2026-05-19,CANCELLED
FIN93999288,CUST00091,7240.76,USD,2025-05-30,OPEN
FIN68744399,CUST00026,3030.23,USD,2025-10-26,PENDING
FIN86282664,CUST00065,4806.51,INR,2026-04-18,PENDING
FIN27365333,CUST00040,2373.87,GBP,2025-11-19,CANCELLED
FIN31613264,CUST00043,7893.36,AUD,2026-03-30,PENDING
FIN63756666,CUST00078,1161.1,AUD,2026-02-15,PENDING
FIN34669467,CUST00019,9510.35,AUD,2025-09-23,OPEN
FIN16862587,CUST00069,8495.65,GBP,2026-03-27,DELIVERED
FIN46878493,CUST00065,7388.24,INR,2025-07-06,OPEN
FIN93739580,CUST00066,7314.49,USD,2025-11-10,PENDING
FIN39811972,CUST00085,4305.28,USD,2025-05-29,PENDING
FIN16317843,CUST00005,1864.73,EUR,2025-09-28,PENDING
FIN68305643,CUST00023,8470.38,USD,2025-07-16,CANCELLED
FIN64744170,CUST00024,2928.28,AUD,2025-11-03,DELIVERED
FIN76347685,CUST00030,7842.47,EUR,2025-07-14,DELIVERED
FIN29016144,CUST00073,1630.19,GBP,2025-11-16,PENDING
FIN63271329,CUST00009,5188.7,INR,2026-03-06,CANCELLED
FIN75760656,CUST00062,1998.42,AUD,2026-04-06,CANCELLED
FIN65162532,CUST00036,5631.55,USD,2026-03-02,CANCELLED
FIN60019926,CUST00055,2477.22,USD,2026-01-04,OPEN
FIN97053486,CUST00074,6040.43,EUR,2025-11-25,DELIVERED
FIN22305791,CUST00046,8326.45,EUR,2026-03-18,CANCELLED
FIN01567377,CUST00010,8048.78,GBP,2025-09-04,PENDING
FIN33079682,CUST00061,1960.67,GBP,2025-09-29,DELIVERED
FIN06684650,CUST00026,3730.88,EUR,2025-09-23,PENDING
FIN36928144,CUST00044,6550.81,GBP,2026-04-21,CANCELLED
FIN32108096,CUST00016,782.88,INR,2026-03-22,PENDING
FIN89838606,CUST00020,2953.24,AUD,2026-02-08,OPEN
FIN11610397,CUST00025,5910.87,EUR,2025-07-30,PENDING
FIN77321196,CUST00097,6563.23,EUR,2026-04-09,OPEN
FIN72636875,CUST00093,4968.59,EUR,2026-02-27,PENDING
FIN83228571,CUST00063,2035.68,GBP,2025-05-27,PENDING
FIN40366037,CUST00076,9970.77,EUR,2025-10-22,DELIVERED
FIN85829958,CUST00044,3006.36,EUR,2026-02-11,OPEN
FIN58213695,CUST00037,1016.59,USD,2025-09-03,CANCELLED
FIN34640366,CUST00078,9105.64,EUR,2026-05-23,DELIVERED
FIN24221121,CUST00060,7140.48,GBP,2026-03-06,DELIVERED
FIN72816578,CUST00093,3618.21,USD,2025-09-29,OPEN
FIN97076350,CUST00025,1394.91,EUR,2025-11-15,DELIVERED
FIN50694238,CUST00073,7250.6,GBP,2025-06-23,OPEN
FIN82199439,CUST00086,8887.04,EUR,2025-12-15,DELIVERED
FIN50669298,CUST00057,7475.43,AUD,2025-08-11,PENDING
FIN58264115,CUST00033,3858.88,USD,2025-07-03,CANCELLED
FIN50833731,CUST00092,8119.4,INR,2025-07-24,DELIVERED
FIN32982235,CUST00057,3376.85,AUD,2025-11-13,DELIVERED
FIN23229511,CUST00072,5025.16,GBP,2025-11-28,CANCELLED
FIN75626633,CUST00005,8102.38,INR,2026-04-21,DELIVERED
FIN29514528,CUST00046,1125.28,USD,2026-04-06,PENDING
FIN75367457,CUST00006,784.55,AUD,2025-11-19,OPEN
FIN26776727,CUST00076,7485.86,EUR,2026-02-27,CANCELLED
FIN54157773,CUST00083,9764.3,EUR,2025-06-12,CANCELLED
FIN46921312,CUST00068,6071.29,EUR,2025-09-22,OPEN
FIN53083443,CUST00010,7637.77,AUD,2025-11-18,PENDING
FIN71981376,CUST00037,9276.24,INR,2026-05-13,PENDING
FIN03538965,CUST00022,8140.52,AUD,2026-03-16,CANCELLED
FIN00118378,CUST00018,2276.8,USD,2025-12-07,PENDING
FIN34784654,CUST00030,779.4,AUD,2026-05-20,OPEN
FIN60675670,CUST00001,2890.87,AUD,2025-09-08,PENDING
FIN86319371,CUST00034,4876.46,USD,2025-08-02,PENDING
FIN03661716,CUST00040,2050.95,EUR,2026-05-03,CANCELLED
FIN10853469,CUST00047,953.8,INR,2025-09-20,OPEN
FIN88769447,CUST00039,4045.85,EUR,2026-05-04,PENDING
FIN16340946,CUST00042,7212.93,INR,2025-12-16,PENDING
FIN41300845,CUST00003,731.55,AUD,2025-10-22,CANCELLED
FIN57969861,CUST00020,9623.36,GBP,2026-03-29,CANCELLED
FIN54867267,CUST00075,4981.2,USD,2026-04-27,CANCELLED
FIN04354784,CUST00003,933.24,EUR,2025-10-11,CANCELLED
FIN51372659,CUST00037,738.84,GBP,2025-10-31,OPEN
FIN86399510,CUST00019,8468.72,GBP,2025-08-26,OPEN
FIN72783251,CUST00022,248.15,USD,2025-12-23,CANCELLED
FIN52606975,CUST00065,3021.64,USD,2025-06-23,DELIVERED
FIN73161735,CUST00037,2120.87,EUR,2025-07-24,CANCELLED
FIN95384237,CUST00031,5233.57,AUD,2025-08-20,CANCELLED
FIN77325427,CUST00045,1671.44,INR,2025-06-27,OPEN
FIN43849919,CUST00086,5055.16,USD,2025-07-17,DELIVERED
FIN49287576,CUST00002,2157.26,GBP,2025-07-25,CANCELLED
FIN99307575,CUST00057,3139.34,EUR,2026-01-17,DELIVERED
FIN54739813,CUST00010,1281.82,INR,2025-09-12,PENDING
FIN89022994,CUST00025,564.05,EUR,2025-07-04,OPEN
FIN85337205,CUST00034,7048.05,EUR,2025-09-27,DELIVERED
FIN86789279,CUST00045,5771.09,EUR,2026-04-16,OPEN
FIN23662745,CUST00067,7711.61,INR,2025-06-07,CANCELLED
FIN97748560,CUST00001,2183.32,INR,2025-08-25,OPEN
FIN40527708,CUST00034,9040.19,AUD,2025-09-30,CANCELLED
FIN61706593,CUST00069,9504.17,INR,2025-12-31,OPEN
FIN60510081,CUST00091,7683.34,GBP,2025-08-17,PENDING
FIN72890656,CUST00020,5690.74,GBP,2025-07-18,DELIVERED
FIN68888787,CUST00001,1611.01,USD,2025-07-04,CANCELLED
FIN26307480,CUST00076,4829.25,AUD,2025-12-28,DELIVERED
FIN23367396,CUST00079,9861.18,EUR,2025-10-27,CANCELLED
FIN58024188,CUST00078,6348.19,INR,2025-08-12,CANCELLED
FIN24591289,CUST00028,7637.21,INR,2026-03-16,CANCELLED
FIN63665023,CUST00083,5960.57,GBP,2025-08-07,CANCELLED
FIN26029261,CUST00011,6946.39,AUD,2025-10-05,PENDING
FIN91937474,CUST00041,9897.98,EUR,2025-11-12,PENDING
FIN86614820,CUST00060,9255.07,GBP,2026-03-16,OPEN
FIN29848179,CUST00021,9950.65,GBP,2025-09-07,PENDING
FIN98596551,CUST00018,3025.2,AUD,2025-12-03,OPEN
FIN25970145,CUST00050,878.94,GBP,2026-01-29,CANCELLED
FIN51348831,CUST00070,8227.25,EUR,2025-09-12,OPEN
FIN09551127,CUST00052,4294.09,USD,2026-05-17,OPEN
FIN35622495,CUST00018,2208.93,AUD,2026-01-30,PENDING
FIN86091701,CUST00078,8343.67,USD,2025-09-29,OPEN
FIN52434664,CUST00095,5236.54,EUR,2026-05-04,PENDING
FIN70090982,CUST00030,9614.92,EUR,2025-06-13,DELIVERED
FIN03058776,CUST00028,4516.92,GBP,2025-10-05,OPEN
FIN45135064,CUST00079,4643.94,EUR,2025-09-12,OPEN
FIN91952917,CUST00075,4738.45,USD,2026-01-25,OPEN
FIN52742195,CUST00010,8119.71,USD,2025-10-12,PENDING
FIN89741640,CUST00097,1483.77,INR,2025-07-16,PENDING
FIN19713957,CUST00035,317.49,USD,2026-04-14,OPEN
FIN82264847,CUST00041,2099.35,EUR,2026-04-27,DELIVERED
FIN93451206,CUST00026,5807.33,GBP,2025-08-20,DELIVERED
FIN15694384,CUST00079,576.01,USD,2025-09-16,OPEN
FIN81311903,CUST00094,8195.89,INR,2026-04-25,PENDING
FIN11599081,CUST00006,8590.08,AUD,2026-01-01,DELIVERED
FIN00167582,CUST00047,6239.99,EUR,2026-02-06,PENDING
FIN56381845,CUST00026,9973.93,USD,2025-11-03,DELIVERED
FIN56077534,CUST00096,2113.73,EUR,2025-08-02,PENDING
FIN44992040,CUST00052,418.43,INR,2025-11-21,PENDING
FIN45562853,CUST00097,3913.27,USD,2025-07-06,DELIVERED
FIN56577599,CUST00010,7921.4,INR,2025-11-10,CANCELLED
FIN86913694,CUST00073,3657.29,USD,2025-11-16,CANCELLED
FIN08259560,CUST00066,7690.33,AUD,2026-04-25,PENDING
FIN35838884,CUST00052,296.96,EUR,2025-07-18,PENDING
FIN63689830,CUST00004,1880.2,EUR,2026-05-06,DELIVERED
FIN98661051,CUST00071,255.9,EUR,2026-02-20,OPEN
FIN82403024,CUST00097,4019.11,USD,2026-04-09,DELIVERED
FIN99298093,CUST00080,5893.24,INR,2025-11-18,CANCELLED
FIN83223019,CUST00001,3271.74,GBP,2026-02-04,PENDING
FIN36423175,CUST00072,2689.48,INR,2025-11-26,CANCELLED
FIN54104886,CUST00030,5309.02,EUR,2026-04-07,PENDING
FIN31402377,CUST00033,2553.26,USD,2025-12-10,CANCELLED
FIN69555180,CUST00069,7681.84,USD,2026-04-20,OPEN
FIN10091955,CUST00081,3737.9,EUR,2025-09-22,PENDING
FIN94367516,CUST00021,7516.54,GBP,2025-12-23,OPEN
FIN86616304,CUST00019,9922.72,INR,2025-12-05,CANCELLED
FIN56059018,CUST00066,4294.91,USD,2025-12-18,PENDING
FIN96200604,CUST00049,6412.75,EUR,2025-06-23,OPEN
FIN49037072,CUST00044,8429.79,AUD,2025-11-09,DELIVERED
FIN46809344,CUST00039,1849.5,USD,2025-08-17,OPEN
FIN71463866,CUST00057,7236.0,USD,2025-08-11,OPEN
FIN97543689,CUST00024,9360.66,INR,2025-06-25,DELIVERED
FIN15108570,CUST00030,9522.44,INR,2026-02-10,CANCELLED
FIN40474580,CUST00020,4198.31,GBP,2025-07-12,DELIVERED
FIN01113603,CUST00012,4094.72,INR,2026-03-18,DELIVERED
FIN04560856,CUST00013,2515.88,GBP,2026-01-10,OPEN
FIN22736528,CUST00069,1184.3,EUR,2025-10-08,CANCELLED
FIN07365919,CUST00054,9727.49,GBP,2025-06-06,PENDING
FIN43443360,CUST00012,9572.83,USD,2025-09-26,PENDING
FIN92747210,CUST00051,3843.35,INR,2025-06-12,DELIVERED
FIN68049648,CUST00093,869.86,AUD,2025-07-28,OPEN
FIN65425114,CUST00013,7622.01,INR,2026-01-11,DELIVERED
FIN32398394,CUST00094,2617.58,INR,2026-05-18,PENDING
FIN50911857,CUST00023,9270.24,GBP,2025-07-02,PENDING
FIN94764463,CUST00082,7399.64,USD,2026-01-22,OPEN
FIN54922748,CUST00044,6082.42,INR,2026-05-08,CANCELLED
FIN65323769,CUST00085,4106.35,GBP,2025-09-27,DELIVERED
FIN20025701,CUST00038,2282.68,GBP,2026-05-13,OPEN
FIN03593854,CUST00080,4417.98,INR,2026-03-10,DELIVERED
FIN11601220,CUST00095,6310.05,USD,2025-07-31,OPEN
FIN42195313,CUST00059,994.86,USD,2025-06-09,PENDING
FIN90428423,CUST00068,3600.8,AUD,2026-03-10,DELIVERED
FIN23586977,CUST00069,4738.11,GBP,2025-07-30,DELIVERED
FIN61071308,CUST00081,8653.95,AUD,2025-09-17,DELIVERED
FIN28288296,CUST00008,4996.84,EUR,2025-08-21,PENDING
FIN34349889,CUST00018,843.39,EUR,2026-04-23,CANCELLED
FIN53979752,CUST00063,665.68,INR,2026-01-09,PENDING
FIN19894226,CUST00077,1732.99,GBP,2025-08-03,CANCELLED
FIN48735059,CUST00081,9184.05,USD,2026-03-16,CANCELLED
FIN34855398,CUST00012,7523.07,GBP,2025-08-11,CANCELLED
FIN85347531,CUST00099,5501.29,AUD,2025-12-28,DELIVERED
FIN29021104,CUST00021,451.55,GBP,2026-05-01,PENDING
FIN82417361,CUST00084,6927.48,GBP,2025-07-16,PENDING
FIN68010867,CUST00058,4059.65,USD,2025-10-09,PENDING
FIN52853453,CUST00076,8348.51,USD,2026-05-18,CANCELLED
FIN70211101,CUST00060,4360.23,EUR,2026-02-16,OPEN
FIN55158651,CUST00082,432.9,USD,2026-03-23,PENDING
FIN43684217,CUST00090,5203.11,INR,2025-11-09,PENDING
FIN13653975,CUST00037,359.76,INR,2026-05-06,CANCELLED
FIN75706337,CUST00031,3854.53,USD,2025-11-09,OPEN
FIN37115953,CUST00001,2954.58,GBP,2026-03-30,PENDING
FIN78270846,CUST00011,9413.66,AUD,2025-12-31,OPEN
FIN41943056,CUST00061,5507.38,AUD,2025-07-09,PENDING
FIN44872292,CUST00053,3327.13,INR,2025-07-10,OPEN
FIN12726915,CUST00003,7919.93,USD,2025-08-02,CANCELLED
FIN35989043,CUST00076,382.76,EUR,2026-03-11,PENDING
FIN76419628,CUST00068,7772.23,EUR,2025-06-05,PENDING
FIN47070172,CUST00073,3757.26,INR,2025-06-29,OPEN
FIN79085919,CUST00002,9827.57,AUD,2026-03-20,DELIVERED
FIN18279427,CUST00078,864.17,EUR,2025-07-26,CANCELLED
FIN57531837,CUST00009,5655.87,USD,2025-09-05,CANCELLED
FIN26890595,CUST00006,2793.74,USD,2026-01-14,DELIVERED
FIN75495962,CUST00100,6077.69,USD,2026-05-21,OPEN
FIN08697570,CUST00010,9443.04,EUR,2025-09-16,PENDING
FIN84684275,CUST00003,5485.46,AUD,2025-06-24,DELIVERED
FIN83684565,CUST00085,6331.36,USD,2025-12-09,OPEN
FIN21611377,CUST00042,8623.78,INR,2026-05-13,CANCELLED
FIN12128217,CUST00091,2497.1,EUR,2026-02-27,PENDING
FIN14119622,CUST00091,7882.37,INR,2026-01-16,OPEN
FIN79361552,CUST00084,3589.71,AUD,2025-12-22,OPEN
FIN16663764,CUST00077,8978.34,INR,2026-03-06,DELIVERED
FIN73723387,CUST00059,8203.72,EUR,2025-06-07,CANCELLED
FIN43711412,CUST00035,8623.93,GBP,2025-07-10,DELIVERED
FIN54228459,CUST00024,3598.08,GBP,2025-09-04,CANCELLED
FIN39336041,CUST00092,5399.82,INR,2025-10-14,CANCELLED
FIN27015171,CUST00048,5751.77,GBP,2025-08-15,DELIVERED
FIN13654520,CUST00027,5937.06,INR,2026-05-23,DELIVERED
FIN03945781,CUST00094,5963.8,EUR,2026-05-04,CANCELLED
FIN44144357,CUST00066,9062.61,GBP,2025-07-11,CANCELLED
FIN51872471,CUST00030,3863.54,EUR,2026-02-09,PENDING
FIN67991078,CUST00082,7954.25,INR,2025-07-01,PENDING
FIN28840932,CUST00099,1354.14,AUD,2025-11-04,DELIVERED
FIN16874648,CUST00018,5425.17,GBP,2025-05-26,DELIVERED
FIN59907136,CUST00005,4976.54,AUD,2025-11-28,CANCELLED
FIN82028495,CUST00008,1225.84,INR,2025-12-30,DELIVERED
FIN83362241,CUST00062,7828.4,AUD,2025-09-29,OPEN
FIN57686468,CUST00015,9918.55,USD,2025-07-24,PENDING
FIN53067913,CUST00036,1598.99,AUD,2026-03-27,DELIVERED
FIN21723700,CUST00057,567.62,GBP,2025-10-13,CANCELLED
FIN44485073,CUST00093,2924.68,INR,2026-05-07,CANCELLED
FIN72402691,CUST00089,3878.18,AUD,2025-12-22,CANCELLED
FIN66596839,CUST00062,1684.95,INR,2025-11-30,CANCELLED
FIN34656732,CUST00094,4239.5,EUR,2026-01-17,CANCELLED
FIN44869043,CUST00060,3884.7,EUR,2025-07-17,CANCELLED
FIN80389513,CUST00032,1465.68,USD,2026-03-09,DELIVERED
FIN92800502,CUST00044,7809.27,INR,2025-09-03,DELIVERED
FIN55325079,CUST00088,1395.25,USD,2025-09-08,OPEN
FIN00759733,CUST00094,6832.46,USD,2026-02-15,PENDING
