order_id,customer_id,material,quantity,plant,order_date,delivery_date,currency,price_per_unit,status
SO06892729,CUST00066,COPPER,23,PLANT-B,2025-06-04,2025-12-29,GBP,293.56,PENDING
SO90076643,CUST00040,COPPER,67,PLANT-B,2025-07-27,2025-12-30,USD,298.69,PENDING
SO88248066,CUST00009,COPPER,7,PLANT-A,2026-02-02,2025-11-29,AUD,620.26,PENDING
SO74847366,CUST00020,COPPER,84,PLANT-B,2025-10-25,2025-11-20,AUD,273.17,DELIVERED
SO36791445,CUST00082,WOOD,63,PLANT-A,2025-05-31,2026-02-06,AUD,14.13,DELIVERED
SO28750324,CUST00023,WOOD,99,PLANT-A,2026-04-05,2026-01-06,AUD,755.36,OPEN
SO74176230,CUST00017,WOOD,70,PLANT-C,2025-08-07,2025-09-17,INR,593.87,PENDING
SO23621693,CUST00038,PLASTIC,85,PLANT-C,2026-02-21,2025-07-11,GBP,603.53,DELIVERED
SO01610790,CUST00093,COPPER,19,PLANT-A,2025-05-28,2025-10-15,GBP,219.84,PENDING
SO25265302,CUST00036,ALUMINUM,55,PLANT-A,2025-11-20,2025-07-27,EUR,752.85,PENDING
SO40371740,CUST00098,ALUMINUM,71,PLANT-C,2025-07-03,2025-10-28,USD,202.17,PENDING
SO39030376,CUST00034,COPPER,62,PLANT-C,2025-08-02,2026-03-29,USD,310.11,DELIVERED
SO57904129,CUST00030,COPPER,68,PLANT-C,2025-07-13,2025-06-03,USD,444.85,CANCELLED
SO17562464,CUST00092,ALUMINUM,44,PLANT-C,2025-09-02,2025-10-25,INR,649.01,DELIVERED
SO33778548,CUST00014,RAW-STEEL,8,PLANT-B,2025-06-16,2026-04-02,GBP,932.33,PENDING
SO50481912,CUST00073,PLASTIC,18,PLANT-C,2026-04-29,2025-09-06,AUD,348.51,CANCELLED
SO86657353,CUST00033,RAW-STEEL,93,PLANT-A,2025-10-07,2026-02-01,GBP,514.13,PENDING
SO04083286,CUST00093,ALUMINUM,2,PLANT-A,2025-10-23,2025-09-28,USD,32.13,CANCELLED
SO23738863,CUST00094,RAW-STEEL,25,PLANT-C,2025-11-05,2025-09-11,USD,21.55,CANCELLED
SO72131808,CUST00095,RAW-STEEL,44,PLANT-B,2026-02-04,2026-04-16,INR,275.41,OPEN
SO20741668,CUST00073,ALUMINUM,41,PLANT-B,2025-11-02,2026-04-16,INR,481.31,OPEN
SO52275941,CUST00074,RAW-STEEL,55,PLANT-B,2025-11-18,2025-10-31,AUD,308.72,OPEN
SO29084340,CUST00098,COPPER,50,PLANT-A,2026-05-05,2025-11-21,INR,470.96,PENDING
SO47186719,CUST00050,ALUMINUM,62,PLANT-C,2025-07-01,2025-10-19,USD,200.63,CANCELLED
SO61433818,CUST00025,PLASTIC,82,PLANT-B,2025-07-02,2026-04-24,GBP,358.19,OPEN
SO73039018,CUST00026,RAW-STEEL,73,PLANT-B,2026-02-26,2026-04-12,AUD,665.48,CANCELLED
SO61898428,CUST00048,WOOD,17,PLANT-B,2025-11-21,2025-07-30,EUR,530.09,OPEN
SO07236050,CUST00078,RAW-STEEL,14,PLANT-C,2025-08-22,2025-07-07,USD,618.45,OPEN
SO69865426,CUST00018,PLASTIC,79,PLANT-C,2026-02-19,2026-03-01,AUD,630.4,OPEN
SO82332091,CUST00036,WOOD,45,PLANT-A,2026-03-30,2026-05-13,EUR,307.75,DELIVERED
SO81639952,CUST00094,COPPER,19,PLANT-B,2025-12-27,2025-10-15,INR,939.45,CANCELLED
SO11890538,CUST00017,COPPER,94,PLANT-C,2025-07-28,2026-05-22,USD,28.91,PENDING
SO62508320,CUST00025,PLASTIC,8,PLANT-A,2026-05-11,2025-06-25,INR,702.3,DELIVERED
SO28868490,CUST00064,COPPER,5,PLANT-A,2026-04-26,2025-11-16,EUR,189.63,DELIVERED
SO68763909,CUST00095,COPPER,74,PLANT-A,2025-10-10,2025-11-23,EUR,759.43,CANCELLED
SO86068045,CUST00042,ALUMINUM,11,PLANT-B,2025-08-24,2025-08-30,INR,797.48,PENDING
SO01366639,CUST00002,PLASTIC,46,PLANT-B,2025-07-20,2025-05-26,USD,49.19,PENDING
SO80072614,CUST00097,RAW-STEEL,10,PLANT-A,2026-05-05,2025-08-23,GBP,497.87,PENDING
SO57873572,CUST00056,RAW-STEEL,15,PLANT-C,2026-03-04,2025-09-10,AUD,375.31,PENDING
SO61938950,CUST00083,WOOD,32,PLANT-C,2025-12-11,2026-01-09,AUD,506.0,PENDING
SO38971747,CUST00029,ALUMINUM,7,PLANT-B,2025-06-30,2025-10-06,EUR,78.35,CANCELLED
SO98203533,CUST00077,WOOD,70,PLANT-A,2026-04-02,2025-10-12,INR,419.65,OPEN
SO21949147,CUST00073,RAW-STEEL,15,PLANT-B,2026-01-24,2025-11-07,INR,473.08,PENDING
SO65281945,CUST00020,PLASTIC,64,PLANT-C,2026-05-14,2026-02-12,AUD,504.82,CANCELLED
SO13419459,CUST00024,PLASTIC,81,PLANT-A,2026-04-15,2025-12-16,INR,936.02,PENDING
SO11143227,CUST00040,RAW-STEEL,45,PLANT-A,2026-01-11,2026-03-02,EUR,681.89,CANCELLED
SO62527596,CUST00031,RAW-STEEL,25,PLANT-C,2026-01-07,2025-12-17,EUR,667.27,CANCELLED
SO67447214,CUST00037,COPPER,42,PLANT-C,2025-11-27,2026-03-29,EUR,701.63,DELIVERED
SO57092320,CUST00049,PLASTIC,80,PLANT-C,2025-11-20,2025-11-11,INR,511.39,DELIVERED
SO63090254,CUST00011,PLASTIC,86,PLANT-C,2026-04-19,2026-05-21,AUD,253.84,PENDING
SO62199121,CUST00033,RAW-STEEL,59,PLANT-C,2025-09-26,2026-05-01,AUD,808.29,OPEN
SO86123075,CUST00037,COPPER,41,PLANT-C,2025-08-05,2026-05-10,AUD,418.32,CANCELLED
SO50939475,CUST00047,WOOD,29,PLANT-A,2025-10-28,2026-02-10,GBP,586.6,OPEN
SO95390805,CUST00016,RAW-STEEL,10,PLANT-A,2025-07-28,2025-08-10,AUD,601.36,CANCELLED
SO46806027,CUST00028,ALUMINUM,30,PLANT-C,2025-08-14,2025-08-14,EUR,953.71,DELIVERED
SO89500807,CUST00009,PLASTIC,20,PLANT-B,2025-09-23,2025-09-09,INR,359.1,DELIVERED
SO03723124,CUST00025,RAW-STEEL,14,PLANT-A,2025-07-06,2026-03-27,INR,812.0,OPEN
SO78147857,CUST00044,RAW-STEEL,15,PLANT-B,2025-06-19,2025-07-27,INR,758.12,PENDING
SO62687774,CUST00098,WOOD,22,PLANT-A,2025-09-20,2026-05-17,INR,353.19,PENDING
SO70794861,CUST00018,COPPER,31,PLANT-C,2025-12-16,2025-06-01,INR,578.85,OPEN
SO26982423,CUST00034,RAW-STEEL,36,PLANT-C,2025-11-01,2026-01-18,AUD,707.1,DELIVERED
SO26177620,CUST00073,PLASTIC,44,PLANT-A,2025-07-18,2025-06-06,USD,944.54,OPEN
SO33991688,CUST00093,RAW-STEEL,97,PLANT-B,2026-03-04,2025-12-09,USD,232.29,CANCELLED
SO00693805,CUST00021,RAW-STEEL,13,PLANT-C,2025-08-17,2025-12-21,GBP,990.19,CANCELLED
SO52664384,CUST00030,PLASTIC,27,PLANT-C,2025-08-19,2025-08-12,USD,249.14,DELIVERED
SO19151929,CUST00079,WOOD,49,PLANT-B,2026-01-10,2025-11-14,USD,351.46,OPEN
SO68969799,CUST00009,COPPER,52,PLANT-C,2025-08-02,2025-10-01,AUD,249.21,OPEN
SO85606178,CUST00100,WOOD,36,PLANT-C,2025-10-27,2025-10-13,EUR,69.27,PENDING
SO98997546,CUST00098,RAW-STEEL,80,PLANT-B,2026-01-21,2026-05-01,GBP,32.78,PENDING
SO06829940,CUST00019,ALUMINUM,86,PLANT-B,2026-03-25,2026-01-11,INR,657.02,PENDING
SO20973250,CUST00069,RAW-STEEL,17,PLANT-C,2025-06-18,2026-03-24,EUR,34.21,DELIVERED
SO76265761,CUST00038,COPPER,53,PLANT-A,2025-10-17,2025-06-18,EUR,662.62,PENDING
SO65752386,CUST00032,ALUMINUM,39,PLANT-A,2025-10-01,2025-11-22,EUR,469.77,DELIVERED
SO26730445,CUST00027,RAW-STEEL,63,PLANT-B,2025-08-11,2025-10-31,USD,813.36,OPEN
SO58387746,CUST00076,COPPER,95,PLANT-B,2025-11-22,2025-12-10,INR,666.73,PENDING
SO50202820,CUST00022,RAW-STEEL,29,PLANT-B,2025-08-24,2026-02-04,AUD,795.86,OPEN
SO82905191,CUST00083,WOOD,95,PLANT-B,2025-09-28,2025-06-10,USD,606.87,PENDING
SO24963357,CUST00025,COPPER,36,PLANT-C,2026-04-27,2025-10-30,GBP,376.66,CANCELLED
SO90782200,CUST00015,RAW-STEEL,74,PLANT-C,2026-04-07,2026-04-19,INR,753.47,OPEN
SO69219202,CUST00008,RAW-STEEL,32,PLANT-C,2025-09-04,2026-01-16,AUD,722.9,PENDING
SO15442907,CUST00012,WOOD,61,PLANT-B,2026-01-17,2025-10-24,AUD,536.52,CANCELLED
SO21089970,CUST00065,WOOD,30,PLANT-B,2025-08-11,2026-02-26,INR,114.3,OPEN
SO44965233,CUST00044,RAW-STEEL,3,PLANT-B,2025-09-07,2025-11-21,USD,24.13,DELIVERED
SO23542099,CUST00075,RAW-STEEL,94,PLANT-A,2025-09-04,2025-07-16,GBP,751.87,DELIVERED
SO70235934,CUST00076,ALUMINUM,98,PLANT-A,2025-06-13,2025-07-20,INR,101.18,OPEN
SO17192986,CUST00081,PLASTIC,44,PLANT-C,2026-04-26,2025-10-01,USD,880.55,CANCELLED
SO20525349,CUST00091,RAW-STEEL,2,PLANT-B,2026-03-29,2025-11-21,INR,44.72,PENDING
SO62920056,CUST00099,WOOD,70,PLANT-C,2026-03-14,2025-07-14,USD,588.85,DELIVERED
SO17265436,CUST00034,RAW-STEEL,53,PLANT-B,2025-05-25,2025-07-10,INR,981.95,OPEN
SO94005184,CUST00052,PLASTIC,72,PLANT-C,2026-04-04,2025-12-23,USD,377.37,PENDING
SO64275948,CUST00033,WOOD,85,PLANT-C,2025-12-11,2026-01-31,INR,728.66,DELIVERED
SO49048426,CUST00018,PLASTIC,4,PLANT-B,2026-03-08,2025-12-25,INR,849.89,PENDING
SO82266227,CUST00031,RAW-STEEL,54,PLANT-C,2026-02-19,2026-02-08,AUD,874.39,CANCELLED
SO61048161,CUST00094,WOOD,36,PLANT-A,2026-02-05,2026-03-04,EUR,629.72,DELIVERED
SO92792436,CUST00005,RAW-STEEL,7,PLANT-C,2026-05-19,2026-02-14,AUD,354.27,OPEN
SO49023100,CUST00011,RAW-STEEL,11,PLANT-B,2026-05-09,2026-04-21,GBP,24.25,PENDING
SO28196696,CUST00003,ALUMINUM,49,PLANT-A,2025-06-01,2026-04-24,AUD,122.31,OPEN
SO13597091,CUST00016,PLASTIC,43,PLANT-A,2025-08-03,2025-06-27,EUR,377.51,DELIVERED
SO68295701,CUST00011,WOOD,72,PLANT-C,2026-04-29,2026-03-31,GBP,490.53,OPEN
SO04138806,CUST00069,ALUMINUM,96,PLANT-A,2025-06-20,2026-05-17,EUR,646.0,CANCELLED
SO99128959,CUST00009,RAW-STEEL,74,PLANT-B,2026-03-24,2025-11-26,GBP,680.67,DELIVERED
SO84012954,CUST00003,ALUMINUM,63,PLANT-B,2026-03-13,2025-10-27,AUD,184.31,CANCELLED
SO49271588,CUST00065,COPPER,83,PLANT-B,2026-03-06,2025-11-20,USD,716.85,PENDING
SO56999873,CUST00071,RAW-STEEL,70,PLANT-C,2026-01-14,2026-01-07,GBP,339.0,CANCELLED
SO54735188,CUST00100,RAW-STEEL,73,PLANT-C,2026-01-01,2025-08-14,INR,500.2,DELIVERED
SO90198447,CUST00042,ALUMINUM,10,PLANT-A,2025-12-10,2025-11-02,EUR,493.06,PENDING
SO45414390,CUST00035,PLASTIC,41,PLANT-C,2026-02-15,2025-11-23,GBP,84.34,PENDING
SO66856830,CUST00063,PLASTIC,26,PLANT-A,2025-06-04,2026-04-26,INR,171.32,PENDING
SO45806633,CUST00012,COPPER,34,PLANT-B,2026-02-24,2025-05-29,GBP,339.94,CANCELLED
SO58243663,CUST00040,WOOD,96,PLANT-B,2025-10-28,2025-10-26,USD,126.39,PENDING
SO80101609,CUST00057,PLASTIC,43,PLANT-A,2025-11-02,2025-08-07,USD,220.44,CANCELLED
SO05794938,CUST00079,PLASTIC,35,PLANT-A,2026-05-20,2026-05-18,USD,37.28,CANCELLED
SO69287673,CUST00031,PLASTIC,97,PLANT-B,2025-07-05,2025-06-09,EUR,862.98,PENDING
SO97564496,CUST00045,WOOD,95,PLANT-B,2025-10-25,2025-09-25,GBP,670.82,CANCELLED
SO71378643,CUST00075,ALUMINUM,66,PLANT-B,2026-02-25,2026-02-23,INR,853.16,PENDING
SO52299719,CUST00066,WOOD,100,PLANT-C,2026-04-28,2026-03-15,GBP,11.61,CANCELLED
SO93303440,CUST00048,COPPER,71,PLANT-B,2025-11-07,2025-09-08,USD,823.45,OPEN
SO50644790,CUST00030,PLASTIC,52,PLANT-A,2025-11-17,2026-04-03,EUR,332.18,DELIVERED
SO56978961,CUST00085,WOOD,3,PLANT-C,2025-10-23,2025-12-26,GBP,493.67,DELIVERED
SO84375553,CUST00032,ALUMINUM,33,PLANT-B,2026-04-29,2025-07-20,USD,351.84,OPEN
SO43168343,CUST00035,ALUMINUM,29,PLANT-C,2025-09-18,2025-09-08,GBP,289.54,PENDING
SO88536693,CUST00025,RAW-STEEL,60,PLANT-B,2026-04-05,2026-02-27,INR,569.16,CANCELLED
SO78668837,CUST00023,ALUMINUM,99,PLANT-C,2026-03-02,2025-07-14,AUD,941.43,DELIVERED
SO82304879,CUST00030,WOOD,46,PLANT-C,2025-09-19,2025-12-09,USD,639.44,CANCELLED
SO63795104,CUST00039,PLASTIC,58,PLANT-A,2026-01-30,2026-02-19,EUR,796.83,DELIVERED
SO22779731,CUST00033,COPPER,98,PLANT-A,2026-01-26,2026-05-01,EUR,558.15,PENDING
SO14925089,CUST00007,PLASTIC,19,PLANT-C,2026-02-27,2025-08-24,INR,417.51,CANCELLED
SO57296167,CUST00085,PLASTIC,30,PLANT-B,2025-09-08,2025-09-16,EUR,917.78,CANCELLED
SO81950397,CUST00026,PLASTIC,97,PLANT-B,2025-07-22,2025-09-17,INR,960.47,DELIVERED
SO20598815,CUST00064,ALUMINUM,93,PLANT-B,2026-05-25,2025-07-06,USD,390.85,PENDING
SO24874847,CUST00095,RAW-STEEL,94,PLANT-A,2025-10-20,2025-10-06,EUR,24.48,PENDING
SO38551006,CUST00063,RAW-STEEL,3,PLANT-C,2026-03-11,2026-04-07,GBP,711.01,CANCELLED
SO02307607,CUST00021,WOOD,44,PLANT-B,2026-03-22,2025-10-02,INR,531.43,OPEN
SO01096152,CUST00035,PLASTIC,88,PLANT-A,2026-03-30,2025-10-27,USD,673.36,PENDING
SO27220913,CUST00087,ALUMINUM,33,PLANT-A,2026-02-09,2026-01-17,INR,178.86,DELIVERED
SO88373794,CUST00062,RAW-STEEL,66,PLANT-C,2025-06-11,2025-10-23,AUD,430.94,DELIVERED
SO55443602,CUST00074,COPPER,50,PLANT-C,2026-03-18,2026-01-15,AUD,975.83,OPEN
SO01822179,CUST00044,ALUMINUM,97,PLANT-B,2025-09-27,2025-07-25,INR,451.06,CANCELLED
SO53056991,CUST00043,WOOD,8,PLANT-B,2025-06-21,2025-06-11,AUD,493.21,PENDING
SO65266543,CUST00086,COPPER,56,PLANT-B,2026-02-04,2026-03-04,AUD,381.01,PENDING
SO59742128,CUST00057,RAW-STEEL,92,PLANT-A,2026-05-10,2026-03-19,INR,22.28,OPEN
SO36029575,CUST00041,PLASTIC,96,PLANT-C,2025-06-02,2026-05-09,AUD,66.35,OPEN
SO90906398,CUST00071,ALUMINUM,78,PLANT-A,2025-10-17,2026-05-08,INR,126.17,DELIVERED
SO71070748,CUST00066,PLASTIC,21,PLANT-C,2026-04-02,2025-08-10,INR,212.82,DELIVERED
SO21082829,CUST00074,ALUMINUM,71,PLANT-B,2026-03-21,2025-12-27,GBP,235.66,OPEN
SO92165292,CUST00042,COPPER,78,PLANT-C,2025-09-25,2025-07-29,EUR,927.23,OPEN
SO68856473,CUST00088,WOOD,42,PLANT-A,2026-02-26,2025-09-10,INR,321.39,PENDING
SO95655032,CUST00065,PLASTIC,86,PLANT-C,2026-04-13,2026-05-15,USD,276.64,OPEN
SO22510440,CUST00016,PLASTIC,38,PLANT-B,2026-01-19,2026-01-28,USD,681.49,PENDING
SO16025992,CUST00004,WOOD,62,PLANT-C,2026-05-04,2025-10-09,INR,842.25,DELIVERED
SO11821022,CUST00087,PLASTIC,86,PLANT-B,2026-03-31,2026-04-09,INR,436.84,OPEN
SO85322222,CUST00032,RAW-STEEL,47,PLANT-A,2025-08-18,2025-07-23,GBP,886.46,CANCELLED
SO00257657,CUST00080,COPPER,17,PLANT-B,2025-08-02,2026-01-11,GBP,567.1,PENDING
SO37641035,CUST00064,RAW-STEEL,12,PLANT-B,2025-12-18,2025-11-22,GBP,247.26,DELIVERED
SO89124409,CUST00097,ALUMINUM,3,PLANT-A,2025-12-17,2025-07-31,EUR,125.09,PENDING
SO49407932,CUST00100,COPPER,11,PLANT-C,2025-10-02,2025-10-24,EUR,402.47,DELIVERED
SO63443633,CUST00072,WOOD,61,PLANT-B,2025-09-02,2026-04-17,AUD,147.85,CANCELLED
SO11771697,CUST00082,RAW-STEEL,70,PLANT-C,2025-07-29,2026-01-04,EUR,959.6,OPEN
SO20555007,CUST00076,WOOD,31,PLANT-A,2025-05-25,2026-02-06,USD,566.11,OPEN
SO63710432,CUST00012,WOOD,17,PLANT-A,2026-02-02,2026-04-08,GBP,354.84,DELIVERED
SO05086446,CUST00096,RAW-STEEL,4,PLANT-C,2026-04-29,2025-12-03,AUD,929.75,PENDING
SO68514313,CUST00070,WOOD,46,PLANT-A,2026-04-02,2025-12-24,GBP,370.61,OPEN
SO08492492,CUST00042,ALUMINUM,93,PLANT-B,2025-12-29,2025-07-14,INR,164.7,DELIVERED
SO07993321,CUST00010,COPPER,59,PLANT-C,2025-12-20,2025-10-23,AUD,755.25,OPEN
SO50703678,CUST00028,ALUMINUM,50,PLANT-B,2025-11-14,2026-04-27,GBP,449.43,DELIVERED
SO50956120,CUST00012,RAW-STEEL,70,PLANT-B,2025-10-07,2026-04-13,AUD,629.14,DELIVERED
SO27827529,CUST00044,RAW-STEEL,8,PLANT-A,2025-08-16,2025-09-13,AUD,72.33,CANCELLED
SO90186378,CUST00029,PLASTIC,16,PLANT-B,2025-07-11,2026-02-10,INR,77.84,PENDING
SO74397666,CUST00033,ALUMINUM,39,PLANT-C,2025-12-19,2025-07-03,USD,264.51,DELIVERED
SO44948346,CUST00025,WOOD,26,PLANT-A,2026-05-09,2025-10-27,USD,55.5,OPEN
SO06826654,CUST00012,WOOD,59,PLANT-A,2026-01-18,2025-11-27,USD,178.88,OPEN
SO01605446,CUST00093,COPPER,88,PLANT-B,2026-01-01,2025-09-16,EUR,516.67,CANCELLED
SO18361451,CUST00015,COPPER,33,PLANT-B,2025-10-25,2025-11-22,INR,698.22,OPEN
SO39915042,CUST00068,COPPER,90,PLANT-B,2025-06-17,2026-04-24,GBP,506.16,PENDING
SO83313696,CUST00034,WOOD,86,PLANT-C,2026-05-02,2025-07-27,USD,658.43,DELIVERED
SO61918668,CUST00023,WOOD,87,PLANT-B,2025-06-18,2025-12-29,EUR,841.81,CANCELLED
SO58479181,CUST00016,ALUMINUM,13,PLANT-A,2026-05-18,2025-08-23,AUD,835.81,CANCELLED
SO23256635,CUST00056,RAW-STEEL,71,PLANT-C,2026-04-10,2026-05-01,EUR,910.76,CANCELLED
SO78149320,CUST00062,WOOD,55,PLANT-B,2025-12-27,2025-12-31,INR,977.32,OPEN
SO90507155,CUST00047,ALUMINUM,37,PLANT-C,2026-03-27,2025-07-02,GBP,789.75,OPEN
SO79165812,CUST00028,COPPER,80,PLANT-B,2025-09-18,2025-05-31,INR,503.95,DELIVERED
SO80910749,CUST00015,ALUMINUM,98,PLANT-A,2025-10-29,2026-05-05,AUD,159.35,CANCELLED
SO93504009,CUST00037,WOOD,24,PLANT-B,2025-11-20,2025-09-17,INR,146.64,OPEN
SO74851414,CUST00018,WOOD,69,PLANT-B,2025-10-24,2025-07-17,INR,375.39,CANCELLED
SO45141402,CUST00013,ALUMINUM,28,PLANT-C,2026-03-17,2026-04-10,INR,759.9,OPEN
SO26478409,CUST00001,COPPER,31,PLANT-B,2025-12-13,2025-11-23,USD,335.1,OPEN
SO93892561,CUST00037,COPPER,85,PLANT-A,2026-04-03,2025-07-04,GBP,154.62,DELIVERED
SO19937529,CUST00086,PLASTIC,31,PLANT-C,2025-06-18,2026-03-26,USD,824.45,DELIVERED
SO32398304,CUST00093,WOOD,8,PLANT-C,2026-03-03,2025-06-09,GBP,184.65,PENDING
SO66632038,CUST00089,COPPER,90,PLANT-A,2026-01-24,2025-06-03,USD,949.9,DELIVERED
SO55025841,CUST00037,ALUMINUM,42,PLANT-B,2025-10-19,2026-03-29,EUR,83.12,CANCELLED
SO89860432,CUST00061,COPPER,23,PLANT-C,2025-08-08,2025-10-27,EUR,317.4,CANCELLED
SO37875708,CUST00016,RAW-STEEL,76,PLANT-C,2026-03-12,2025-06-08,AUD,639.81,OPEN
SO72540531,CUST00097,WOOD,62,PLANT-A,2025-10-25,2026-05-02,USD,943.56,OPEN
SO96793330,CUST00013,PLASTIC,27,PLANT-A,2026-03-07,2025-12-31,AUD,181.32,PENDING
SO08448251,CUST00061,WOOD,99,PLANT-A,2025-11-20,2026-01-11,AUD,903.73,DELIVERED
SO63831737,CUST00014,ALUMINUM,49,PLANT-A,2025-08-03,2025-10-29,GBP,199.69,OPEN
SO23293045,CUST00057,ALUMINUM,43,PLANT-A,2026-05-15,2025-09-28,AUD,687.06,DELIVERED
SO25269227,CUST00066,RAW-STEEL,90,PLANT-C,2025-08-04,2025-09-06,EUR,242.14,OPEN
SO38962788,CUST00004,COPPER,31,PLANT-A,2025-08-23,2025-10-12,EUR,116.21,CANCELLED
SO70617713,CUST00082,COPPER,82,PLANT-B,2026-02-09,2026-03-26,EUR,240.37,CANCELLED
SO95496644,CUST00094,RAW-STEEL,36,PLANT-C,2025-12-26,2026-04-25,EUR,330.49,DELIVERED
SO17587786,CUST00085,COPPER,99,PLANT-C,2026-03-01,2025-08-06,AUD,961.83,CANCELLED
SO83388395,CUST00036,WOOD,21,PLANT-B,2025-12-02,2026-01-09,GBP,191.45,CANCELLED
SO56855439,CUST00041,ALUMINUM,3,PLANT-A,2026-02-18,2025-08-27,AUD,109.76,OPEN
SO09349350,CUST00062,ALUMINUM,40,PLANT-B,2025-11-25,2025-09-16,USD,902.77,OPEN
SO37539379,CUST00007,WOOD,5,PLANT-A,2025-05-29,2025-11-21,GBP,414.99,CANCELLED
SO57993135,CUST00043,COPPER,29,PLANT-A,2026-01-09,2026-05-12,GBP,281.67,OPEN
SO39281746,CUST00072,WOOD,55,PLANT-A,2025-08-10,2026-02-17,AUD,194.48,PENDING
SO53898520,CUST00054,COPPER,13,PLANT-A,2025-06-10,2025-08-02,EUR,612.2,OPEN
SO47620912,CUST00049,PLASTIC,83,PLANT-B,2025-06-26,2025-10-17,AUD,182.84,CANCELLED
SO89212422,CUST00019,WOOD,94,PLANT-C,2026-05-09,2025-11-10,INR,18.05,PENDING
SO86132833,CUST00098,WOOD,57,PLANT-B,2025-09-05,2026-04-22,AUD,720.69,DELIVERED
SO04138605,CUST00050,COPPER,27,PLANT-B,2026-04-02,2026-04-11,GBP,596.69,OPEN
SO01816111,CUST00024,COPPER,54,PLANT-C,2026-04-17,2025-11-13,USD,797.7,PENDING
SO60960693,CUST00093,RAW-STEEL,85,PLANT-C,2026-05-01,2025-12-18,USD,699.71,OPEN
SO16952828,CUST00051,RAW-STEEL,63,PLANT-B,2025-11-15,2025-06-15,EUR,118.94,PENDING
SO83174886,CUST00088,RAW-STEEL,15,PLANT-A,2025-11-17,2025-11-12,EUR,150.75,OPEN
SO02730332,CUST00077,PLASTIC,97,PLANT-A,2025-07-23,2025-09-05,EUR,253.21,CANCELLED
SO44839986,CUST00058,ALUMINUM,42,PLANT-A,2026-01-31,2025-11-18,USD,467.02,PENDING
SO41212823,CUST00070,PLASTIC,12,PLANT-C,2025-09-10,2025-10-12,INR,273.58,OPEN
SO97006877,CUST00025,PLASTIC,52,PLANT-B,2026-04-26,2025-10-16,AUD,157.27,DELIVERED
SO78687230,CUST00082,RAW-STEEL,91,PLANT-C,2025-07-19,2025-06-22,AUD,812.88,DELIVERED
SO36157052,CUST00057,COPPER,70,PLANT-B,2025-12-25,2026-02-02,GBP,150.88,PENDING
SO89291973,CUST00006,RAW-STEEL,61,PLANT-C,2026-04-10,2026-04-24,GBP,216.89,PENDING
SO55463512,CUST00009,ALUMINUM,47,PLANT-C,2025-05-30,2026-03-02,AUD,741.14,OPEN
SO01950660,CUST00017,PLASTIC,38,PLANT-B,2026-05-19,2025-10-25,INR,355.54,CANCELLED
SO43290493,CUST00036,COPPER,92,PLANT-C,2025-07-04,2026-04-29,AUD,458.14,CANCELLED
SO27698102,CUST00079,WOOD,88,PLANT-A,2025-08-28,2025-11-01,AUD,174.03,CANCELLED
SO18321290,CUST00013,WOOD,95,PLANT-B,2026-02-02,2025-05-26,EUR,224.34,OPEN
SO72266200,CUST00012,WOOD,12,PLANT-C,2025-06-27,2026-03-20,EUR,108.46,DELIVERED
SO64401041,CUST00057,ALUMINUM,14,PLANT-A,2025-06-12,2025-11-11,INR,896.44,DELIVERED
SO71046493,CUST00069,WOOD,55,PLANT-C,2025-09-27,2025-06-27,USD,479.31,PENDING
SO34133367,CUST00081,ALUMINUM,22,PLANT-A,2026-01-17,2026-01-21,AUD,90.62,OPEN
SO54406126,CUST00044,RAW-STEEL,1,PLANT-B,2026-01-28,2026-03-12,INR,758.34,PENDING
SO11094700,CUST00089,RAW-STEEL,73,PLANT-A,2025-10-01,2026-03-07,USD,345.56,PENDING
SO42168244,CUST00065,PLASTIC,86,PLANT-C,2026-02-02,2025-11-07,INR,297.13,OPEN
SO87546788,CUST00048,ALUMINUM,3,PLANT-A,2025-09-14,2025-06-22,INR,762.97,CANCELLED
SO08284243,CUST00090,COPPER,30,PLANT-B,2026-05-07,2025-08-30,AUD,475.22,DELIVERED
SO10167884,CUST00063,ALUMINUM,5,PLANT-A,2025-09-01,2025-06-25,AUD,11.03,DELIVERED
SO17902411,CUST00081,RAW-STEEL,37,PLANT-C,2026-02-22,2025-12-14,AUD,723.58,CANCELLED
SO54152918,CUST00026,PLASTIC,65,PLANT-A,2025-09-27,2025-11-05,AUD,389.95,DELIVERED
SO62162117,CUST00044,COPPER,60,PLANT-A,2025-12-02,2025-11-24,INR,800.29,OPEN
SO75281889,CUST00070,RAW-STEEL,46,PLANT-A,2025-06-05,2026-02-01,AUD,377.07,DELIVERED
SO64535176,CUST00045,ALUMINUM,69,PLANT-C,2026-03-18,2026-04-16,EUR,474.33,OPEN
SO91604222,CUST00065,PLASTIC,73,PLANT-C,2026-02-02,2026-03-22,AUD,773.69,PENDING
SO47544112,CUST00010,ALUMINUM,54,PLANT-C,2026-02-24,2026-05-19,GBP,168.89,OPEN
SO57346923,CUST00054,WOOD,65,PLANT-C,2025-11-21,2026-01-26,USD,868.62,CANCELLED
SO01067667,CUST00088,WOOD,18,PLANT-A,2026-01-07,2025-09-25,GBP,277.9,PENDING
SO50180274,CUST00075,RAW-STEEL,57,PLANT-B,2026-04-09,2025-10-17,EUR,515.37,DELIVERED
SO21161746,CUST00016,RAW-STEEL,91,PLANT-B,2026-01-13,2026-05-05,AUD,889.95,CANCELLED
SO37721789,CUST00060,WOOD,45,PLANT-A,2025-12-14,2026-04-30,AUD,981.34,OPEN
SO47259442,CUST00084,COPPER,94,PLANT-B,2025-09-17,2026-05-14,INR,654.11,CANCELLED
SO12683679,CUST00001,PLASTIC,44,PLANT-C,2025-10-27,2026-05-10,AUD,203.57,CANCELLED
SO15715398,CUST00040,WOOD,15,PLANT-C,2026-01-18,2025-09-13,AUD,523.79,OPEN
SO12165922,CUST00064,WOOD,13,PLANT-B,2025-11-15,2025-05-28,INR,310.96,PENDING
SO14245923,CUST00058,PLASTIC,52,PLANT-A,2026-02-21,2025-11-15,USD,155.45,DELIVERED
SO66415569,CUST00015,ALUMINUM,23,PLANT-C,2025-07-11,2025-09-04,GBP,914.85,OPEN
SO40688960,CUST00094,ALUMINUM,30,PLANT-B,2025-07-04,2026-03-06,EUR,569.26,PENDING
SO75293380,CUST00012,ALUMINUM,16,PLANT-A,2026-05-04,2026-02-10,GBP,845.84,PENDING
SO48351737,CUST00033,RAW-STEEL,22,PLANT-C,2026-04-21,2026-05-21,GBP,695.86,DELIVERED
SO81738202,CUST00036,PLASTIC,33,PLANT-A,2026-04-29,2025-08-01,GBP,160.98,CANCELLED
SO53840300,CUST00005,ALUMINUM,43,PLANT-A,2025-12-17,2025-12-20,AUD,474.27,PENDING
SO41821127,CUST00084,PLASTIC,49,PLANT-C,2025-07-08,2025-12-19,AUD,274.47,PENDING
SO35184791,CUST00057,COPPER,68,PLANT-B,2025-08-31,2026-03-24,GBP,811.46,CANCELLED
SO35995671,CUST00056,RAW-STEEL,88,PLANT-A,2025-10-09,2025-09-12,EUR,347.92,OPEN
SO77677788,CUST00089,WOOD,17,PLANT-B,2025-06-21,2025-11-13,USD,523.11,CANCELLED
SO24150912,CUST00016,WOOD,42,PLANT-B,2026-01-15,2025-07-21,AUD,131.93,OPEN
SO26166631,CUST00088,COPPER,66,PLANT-C,2025-11-03,2025-07-08,INR,713.53,DELIVERED
SO01630687,CUST00072,RAW-STEEL,7,PLANT-A,2025-07-08,2026-05-20,USD,903.81,DELIVERED
SO82770046,CUST00061,PLASTIC,2,PLANT-B,2026-03-11,2025-11-27,USD,741.04,DELIVERED
SO08777931,CUST00007,ALUMINUM,3,PLANT-C,2025-08-10,2025-09-01,GBP,463.62,DELIVERED
SO18400597,CUST00010,RAW-STEEL,76,PLANT-B,2025-12-28,2025-08-02,INR,144.66,PENDING
SO69399799,CUST00086,RAW-STEEL,56,PLANT-C,2026-02-10,2025-06-26,EUR,724.39,PENDING
SO26028045,CUST00087,ALUMINUM,5,PLANT-B,2025-07-01,2026-02-28,EUR,32.49,DELIVERED
SO78557776,CUST00062,COPPER,24,PLANT-B,2025-08-31,2026-04-17,INR,868.79,PENDING
SO80442672,CUST00092,WOOD,36,PLANT-C,2025-08-24,2025-12-28,USD,422.67,CANCELLED
SO26818186,CUST00025,ALUMINUM,94,PLANT-C,2025-07-01,2026-01-03,AUD,155.55,OPEN
SO12098943,CUST00012,RAW-STEEL,90,PLANT-C,2025-09-12,2026-02-11,GBP,110.76,CANCELLED
SO07648388,CUST00018,RAW-STEEL,65,PLANT-A,2025-06-25,2026-04-06,USD,184.91,PENDING
SO89067363,CUST00059,ALUMINUM,92,PLANT-B,2026-01-05,2025-07-25,EUR,118.78,OPEN
SO11778224,CUST00029,PLASTIC,24,PLANT-C,2026-01-18,2026-01-28,EUR,365.87,DELIVERED
SO04950518,CUST00044,WOOD,63,PLANT-C,2025-10-31,2025-06-21,EUR,56.26,DELIVERED
SO39912184,CUST00076,PLASTIC,50,PLANT-B,2025-10-13,2026-01-21,EUR,447.02,OPEN
SO52796501,CUST00084,PLASTIC,15,PLANT-A,2025-10-03,2025-11-03,INR,702.97,CANCELLED
SO15652657,CUST00065,COPPER,91,PLANT-B,2025-11-07,2025-09-03,EUR,611.77,PENDING
SO56326259,CUST00012,PLASTIC,56,PLANT-A,2026-01-12,2026-01-22,GBP,471.95,OPEN
SO39395604,CUST00053,ALUMINUM,91,PLANT-C,2025-08-12,2026-02-19,GBP,588.78,CANCELLED
SO71127090,CUST00042,COPPER,75,PLANT-C,2025-06-19,2026-01-12,GBP,663.64,PENDING
SO12590954,CUST00018,PLASTIC,84,PLANT-C,2025-11-09,2026-02-20,AUD,685.57,CANCELLED
SO41449512,CUST00002,PLASTIC,99,PLANT-A,2025-08-08,2025-07-21,AUD,322.63,DELIVERED
SO21225209,CUST00012,WOOD,72,PLANT-C,2025-08-22,2025-11-23,INR,709.16,PENDING
SO95007398,CUST00048,RAW-STEEL,35,PLANT-A,2026-03-03,2025-09-15,EUR,547.77,CANCELLED
SO33264305,CUST00014,WOOD,25,PLANT-A,2025-07-02,2025-12-09,USD,119.47,OPEN
SO98585503,CUST00094,COPPER,71,PLANT-A,2026-03-29,2025-12-07,AUD,160.6,DELIVERED
SO72189227,CUST00036,PLASTIC,45,PLANT-C,2025-12-01,2026-03-09,EUR,218.96,OPEN
SO75776460,CUST00085,ALUMINUM,68,PLANT-C,2025-12-03,2026-02-24,EUR,832.4,DELIVERED
SO22079273,CUST00004,PLASTIC,67,PLANT-C,2026-05-02,2026-03-31,EUR,57.36,CANCELLED
SO54102281,CUST00068,WOOD,18,PLANT-B,2025-10-16,2026-03-20,GBP,471.2,DELIVERED
SO54703645,CUST00067,WOOD,58,PLANT-C,2025-12-09,2025-08-16,USD,194.77,CANCELLED
SO60247434,CUST00037,COPPER,91,PLANT-C,2025-10-07,2025-06-22,USD,525.88,OPEN
SO13226117,CUST00082,ALUMINUM,59,PLANT-A,2025-09-30,2026-01-29,USD,10.83,OPEN
SO18187389,CUST00003,ALUMINUM,57,PLANT-C,2026-02-11,2026-01-21,AUD,661.32,DELIVERED
SO05271251,CUST00031,RAW-STEEL,6,PLANT-C,2025-11-08,2026-04-26,USD,705.16,PENDING
SO38004365,CUST00061,ALUMINUM,12,PLANT-C,2025-08-20,2025-07-30,INR,120.57,CANCELLED
SO88417950,CUST00008,PLASTIC,41,PLANT-A,2026-03-12,2026-02-22,INR,259.85,PENDING
SO10330970,CUST00077,COPPER,78,PLANT-B,2026-01-15,2025-06-07,USD,182.54,OPEN
SO01945909,CUST00012,WOOD,69,PLANT-C,2026-01-16,2025-07-27,INR,949.68,DELIVERED
SO40490710,CUST00095,RAW-STEEL,52,PLANT-A,2026-03-01,2025-12-25,USD,87.69,PENDING
SO89353949,CUST00039,PLASTIC,74,PLANT-A,2025-12-31,2026-01-20,AUD,30.92,PENDING
SO62431001,CUST00085,RAW-STEEL,10,PLANT-A,2025-11-17,2026-04-29,AUD,562.17,PENDING
SO28777634,CUST00060,WOOD,45,PLANT-C,2025-06-14,2026-01-31,INR,937.57,DELIVERED
SO58677214,CUST00054,WOOD,39,PLANT-A,2025-06-29,2026-01-28,EUR,836.71,PENDING
SO61505503,CUST00014,ALUMINUM,100,PLANT-A,2025-10-17,2025-07-13,USD,406.73,OPEN
SO05387248,CUST00026,PLASTIC,45,PLANT-A,2025-07-25,2026-02-14,USD,363.38,OPEN
SO26467995,CUST00066,COPPER,79,PLANT-B,2025-10-18,2026-02-14,INR,385.25,OPEN
SO08273005,CUST00071,RAW-STEEL,14,PLANT-B,2025-09-25,2025-10-26,GBP,372.71,PENDING
SO77943053,CUST00096,WOOD,70,PLANT-B,2026-05-06,2025-05-27,USD,661.36,CANCELLED
SO61814832,CUST00093,COPPER,98,PLANT-A,2026-01-22,2025-05-31,AUD,777.93,OPEN
SO45045390,CUST00050,COPPER,8,PLANT-B,2025-06-26,2025-08-26,GBP,958.37,PENDING
SO75100644,CUST00025,PLASTIC,81,PLANT-A,2025-05-29,2026-02-01,AUD,467.61,OPEN
SO12922559,CUST00037,RAW-STEEL,53,PLANT-B,2025-12-27,2026-01-07,EUR,732.43,CANCELLED
SO46774674,CUST00019,COPPER,89,PLANT-C,2025-07-16,2025-09-02,INR,872.47,PENDING
SO94621656,CUST00027,PLASTIC,34,PLANT-B,2026-03-14,2026-05-15,AUD,673.45,DELIVERED
SO41872209,CUST00017,PLASTIC,80,PLANT-C,2026-04-11,2026-01-06,EUR,927.77,PENDING
SO64270448,CUST00042,RAW-STEEL,68,PLANT-C,2025-10-27,2025-12-08,USD,195.15,OPEN
SO06026042,CUST00020,WOOD,34,PLANT-A,2025-11-05,2026-02-06,USD,624.8,OPEN
SO90266571,CUST00088,RAW-STEEL,65,PLANT-C,2025-10-23,2025-12-07,AUD,767.45,CANCELLED
SO18405650,CUST00007,ALUMINUM,68,PLANT-C,2025-12-11,2026-01-13,GBP,428.41,DELIVERED
SO28620036,CUST00053,WOOD,4,PLANT-A,2025-06-13,2025-11-14,GBP,591.4,DELIVERED
SO57494128,CUST00071,COPPER,68,PLANT-C,2025-10-12,2026-03-16,USD,154.29,CANCELLED
SO76163881,CUST00025,ALUMINUM,28,PLANT-A,2026-03-28,2025-10-31,AUD,517.94,DELIVERED
SO55752206,CUST00037,ALUMINUM,87,PLANT-B,2026-03-08,2025-12-05,INR,318.33,PENDING
SO47156689,CUST00038,RAW-STEEL,15,PLANT-B,2026-05-24,2026-04-05,INR,35.9,OPEN
SO20153743,CUST00076,PLASTIC,14,PLANT-A,2025-10-13,2025-09-04,USD,621.19,OPEN
SO63738549,CUST00086,COPPER,9,PLANT-A,2025-10-28,2026-05-08,INR,521.93,DELIVERED
SO49581191,CUST00018,PLASTIC,32,PLANT-C,2025-10-22,2025-09-14,EUR,948.73,CANCELLED
SO40689885,CUST00093,PLASTIC,93,PLANT-A,2025-11-30,2025-06-28,INR,550.8,PENDING
SO67594058,CUST00037,ALUMINUM,42,PLANT-A,2025-11-08,2026-04-29,GBP,681.97,PENDING
SO90077333,CUST00075,COPPER,80,PLANT-B,2026-03-31,2025-07-11,AUD,770.32,CANCELLED
SO12947468,CUST00040,COPPER,21,PLANT-C,2026-02-17,2025-08-25,USD,589.21,OPEN
SO99552976,CUST00077,RAW-STEEL,40,PLANT-A,2026-03-12,2026-05-24,GBP,706.3,DELIVERED
SO45689248,CUST00048,WOOD,32,PLANT-B,2025-06-19,2025-06-03,GBP,384.24,PENDING
SO42035912,CUST00044,PLASTIC,96,PLANT-A,2025-10-04,2026-04-01,AUD,27.61,OPEN
SO31114837,CUST00046,COPPER,67,PLANT-A,2025-07-31,2026-01-28,EUR,18.3,DELIVERED
SO58271517,CUST00097,WOOD,69,PLANT-B,2025-07-06,2026-05-13,INR,425.37,PENDING
SO49503950,CUST00029,COPPER,76,PLANT-A,2026-05-07,2026-05-17,GBP,554.36,OPEN
SO28367629,CUST00008,ALUMINUM,22,PLANT-C,2025-09-02,2025-06-11,USD,270.66,DELIVERED
SO92403989,CUST00005,PLASTIC,8,PLANT-C,2025-10-29,2026-03-21,USD,997.01,DELIVERED
SO28124063,CUST00039,RAW-STEEL,93,PLANT-B,2025-07-16,2025-09-11,EUR,229.83,OPEN
SO49313438,CUST00092,RAW-STEEL,82,PLANT-B,2026-02-02,2025-08-15,GBP,21.16,DELIVERED
SO95112807,CUST00054,WOOD,31,PLANT-A,2025-12-14,2026-04-01,AUD,730.97,DELIVERED
SO50301168,CUST00079,WOOD,17,PLANT-A,2026-03-23,2026-04-27,USD,237.39,PENDING
SO25641179,CUST00034,PLASTIC,30,PLANT-B,2025-10-04,2025-09-01,GBP,79.73,DELIVERED
SO65246833,CUST00090,RAW-STEEL,83,PLANT-C,2025-12-04,2026-01-04,INR,408.72,DELIVERED
SO15835837,CUST00024,WOOD,21,PLANT-B,2025-08-28,2025-11-19,USD,851.07,OPEN
SO17785311,CUST00058,PLASTIC,6,PLANT-B,2025-08-01,2025-11-14,USD,442.13,CANCELLED
SO19077501,CUST00030,RAW-STEEL,75,PLANT-B,2025-10-30,2025-12-28,GBP,796.88,OPEN
SO50062562,CUST00020,ALUMINUM,99,PLANT-B,2026-01-31,2025-09-19,USD,624.78,DELIVERED
SO97610241,CUST00100,WOOD,81,PLANT-B,2025-09-10,2025-09-16,AUD,139.52,CANCELLED
SO29594627,CUST00068,RAW-STEEL,55,PLANT-C,2026-05-08,2025-08-19,USD,705.67,CANCELLED
SO79920229,CUST00091,WOOD,38,PLANT-A,2025-07-29,2026-03-28,GBP,252.99,PENDING
SO47024404,CUST00089,COPPER,41,PLANT-B,2025-09-27,2026-04-18,GBP,304.89,CANCELLED
SO19285980,CUST00093,RAW-STEEL,99,PLANT-C,2025-11-05,2025-06-16,GBP,175.38,CANCELLED
SO93300633,CUST00054,COPPER,55,PLANT-A,2026-03-05,2026-02-01,EUR,280.34,DELIVERED
SO58126446,CUST00030,WOOD,71,PLANT-B,2025-09-24,2026-01-22,GBP,35.22,PENDING
SO79443332,CUST00026,COPPER,89,PLANT-B,2026-01-30,2025-12-15,INR,362.46,DELIVERED
SO82705628,CUST00083,ALUMINUM,24,PLANT-B,2025-12-13,2025-10-16,EUR,474.11,DELIVERED
SO50362939,CUST00058,ALUMINUM,64,PLANT-A,2025-12-02,2025-12-31,GBP,44.01,OPEN
SO68005850,CUST00046,ALUMINUM,61,PLANT-B,2026-03-17,2025-11-30,INR,778.08,CANCELLED
SO53850300,CUST00054,ALUMINUM,87,PLANT-A,2025-09-12,2025-12-26,AUD,228.13,DELIVERED
SO65975726,CUST00054,COPPER,48,PLANT-C,2025-05-27,2025-08-08,USD,723.61,OPEN
SO53298974,CUST00092,ALUMINUM,81,PLANT-B,2025-12-25,2025-06-08,USD,173.3,CANCELLED
SO14487359,CUST00049,ALUMINUM,55,PLANT-A,2025-09-12,2025-11-27,EUR,343.64,PENDING
SO51589952,CUST00066,WOOD,20,PLANT-A,2026-03-05,2025-12-14,GBP,63.03,PENDING
SO83860809,CUST00090,ALUMINUM,74,PLANT-B,2025-11-06,2025-08-08,GBP,767.21,CANCELLED
SO27768061,CUST00042,RAW-STEEL,89,PLANT-B,2026-05-06,2026-05-11,EUR,520.61,DELIVERED
SO96870967,CUST00047,RAW-STEEL,85,PLANT-B,2026-01-30,2025-12-30,AUD,991.77,PENDING
SO02396123,CUST00092,RAW-STEEL,98,PLANT-C,2026-02-26,2026-02-27,INR,442.84,OPEN
SO44595689,CUST00001,RAW-STEEL,59,PLANT-A,2025-11-20,2025-08-26,USD,560.6,CANCELLED
SO03852104,CUST00058,ALUMINUM,83,PLANT-C,2025-12-28,2026-02-06,INR,743.87,PENDING
SO53127346,CUST00034,PLASTIC,41,PLANT-B,2026-03-13,2025-08-14,GBP,656.36,PENDING
SO78689128,CUST00088,WOOD,57,PLANT-B,2026-01-02,2026-01-27,INR,564.77,DELIVERED
SO94984531,CUST00043,PLASTIC,3,PLANT-A,2026-01-12,2025-08-16,GBP,61.37,CANCELLED
SO24221726,CUST00019,PLASTIC,81,PLANT-B,2025-08-14,2026-01-27,AUD,839.61,DELIVERED
SO74560434,CUST00090,ALUMINUM,22,PLANT-B,2025-12-25,2026-03-20,USD,563.47,OPEN
SO77829156,CUST00004,WOOD,40,PLANT-B,2025-08-14,2026-02-07,AUD,266.35,PENDING
SO03787822,CUST00073,COPPER,33,PLANT-B,2026-05-06,2025-06-25,GBP,266.47,PENDING
SO81885389,CUST00001,ALUMINUM,14,PLANT-C,2026-02-02,2026-05-16,GBP,298.81,CANCELLED
SO89002196,CUST00086,COPPER,47,PLANT-C,2025-08-18,2026-02-19,INR,199.15,OPEN
SO52836550,CUST00092,PLASTIC,7,PLANT-A,2025-09-14,2025-08-21,USD,537.84,OPEN
SO51983948,CUST00024,PLASTIC,38,PLANT-C,2025-10-24,2025-12-08,USD,520.38,DELIVERED
SO38921275,CUST00076,PLASTIC,40,PLANT-C,2025-09-04,2025-08-11,USD,584.54,PENDING
SO13785562,CUST00067,COPPER,23,PLANT-B,2026-02-23,2025-10-17,GBP,402.58,DELIVERED
SO11958756,CUST00027,ALUMINUM,64,PLANT-A,2026-02-03,2025-06-26,EUR,644.11,CANCELLED
SO74631593,CUST00003,PLASTIC,8,PLANT-B,2026-04-16,2025-12-08,GBP,613.15,OPEN
SO17873979,CUST00094,COPPER,19,PLANT-B,2025-08-07,2025-08-08,GBP,205.82,CANCELLED
SO49360624,CUST00060,PLASTIC,15,PLANT-B,2025-10-11,2025-07-07,AUD,39.98,PENDING
SO77767172,CUST00051,ALUMINUM,62,PLANT-A,2026-04-01,2025-11-17,EUR,401.41,OPEN
SO63410244,CUST00029,RAW-STEEL,60,PLANT-A,2025-07-04,2025-09-04,GBP,291.9,DELIVERED
SO80514024,CUST00018,RAW-STEEL,74,PLANT-C,2025-12-12,2025-07-11,AUD,403.85,PENDING
SO18199810,CUST00022,RAW-STEEL,36,PLANT-C,2025-07-02,2026-04-12,USD,422.6,DELIVERED
SO53528287,CUST00009,PLASTIC,32,PLANT-C,2026-03-01,2026-02-09,EUR,114.71,CANCELLED
SO31084275,CUST00058,WOOD,48,PLANT-C,2025-09-16,2025-10-17,AUD,39.32,PENDING
SO35368336,CUST00060,PLASTIC,97,PLANT-A,2025-08-09,2025-12-31,GBP,98.69,DELIVERED
SO29776727,CUST00053,COPPER,41,PLANT-B,2026-03-06,2025-10-24,AUD,342.01,DELIVERED
SO31446402,CUST00023,WOOD,87,PLANT-A,2026-05-05,2026-02-23,GBP,534.0,CANCELLED
SO62365728,CUST00019,PLASTIC,2,PLANT-A,2026-04-18,2025-07-07,GBP,296.88,DELIVERED
SO77840404,CUST00079,COPPER,25,PLANT-A,2025-06-20,2025-07-21,AUD,662.46,PENDING
SO11310327,CUST00040,COPPER,51,PLANT-B,2025-08-09,2026-02-06,EUR,712.82,PENDING
SO45442147,CUST00037,WOOD,45,PLANT-C,2026-02-17,2025-09-09,USD,848.36,DELIVERED
SO53634217,CUST00009,PLASTIC,47,PLANT-C,2026-01-23,2025-11-08,EUR,75.57,OPEN
SO64950465,CUST00083,WOOD,77,PLANT-A,2025-09-01,2026-03-15,EUR,674.8,PENDING
SO91166815,CUST00046,COPPER,83,PLANT-B,2026-04-20,2025-08-11,EUR,674.75,PENDING
SO43445872,CUST00083,PLASTIC,70,PLANT-A,2025-09-20,2025-08-05,AUD,859.83,CANCELLED
SO05007011,CUST00068,RAW-STEEL,18,PLANT-C,2026-03-26,2026-05-22,USD,278.53,CANCELLED
SO86354457,CUST00019,RAW-STEEL,29,PLANT-A,2025-07-29,2026-03-11,INR,961.87,PENDING
SO87478628,CUST00061,COPPER,46,PLANT-B,2026-01-21,2026-03-14,USD,484.72,CANCELLED
SO17148510,CUST00083,PLASTIC,93,PLANT-C,2025-07-05,2025-12-24,AUD,87.99,PENDING
SO60606300,CUST00008,PLASTIC,43,PLANT-B,2026-02-21,2025-09-20,AUD,86.64,PENDING
SO71385883,CUST00032,COPPER,57,PLANT-B,2025-11-10,2025-11-10,USD,157.19,DELIVERED
SO67531792,CUST00022,WOOD,32,PLANT-A,2026-05-17,2025-07-31,INR,573.59,OPEN
SO66116748,CUST00041,RAW-STEEL,1,PLANT-C,2025-08-29,2026-01-04,AUD,582.13,CANCELLED
SO46658221,CUST00074,WOOD,58,PLANT-B,2025-08-15,2025-06-19,GBP,396.23,CANCELLED
SO39164851,CUST00026,WOOD,33,PLANT-C,2026-03-02,2025-08-11,AUD,625.43,PENDING
SO65725933,CUST00021,COPPER,4,PLANT-B,2025-11-25,2026-04-26,USD,599.34,PENDING
SO15599917,CUST00056,COPPER,83,PLANT-A,2026-02-26,2026-01-12,EUR,792.93,DELIVERED
SO09033575,CUST00081,COPPER,74,PLANT-C,2025-09-01,2026-03-27,GBP,325.97,PENDING
SO35719115,CUST00052,COPPER,36,PLANT-C,2025-11-23,2026-01-23,GBP,97.55,OPEN
SO73705915,CUST00069,COPPER,66,PLANT-A,2025-11-13,2025-06-21,EUR,796.31,DELIVERED
SO45100148,CUST00041,COPPER,44,PLANT-A,2025-11-01,2025-08-10,AUD,663.82,PENDING
SO18636502,CUST00065,PLASTIC,17,PLANT-C,2025-08-31,2026-01-01,AUD,483.2,PENDING
SO70780823,CUST00032,WOOD,50,PLANT-C,2025-07-30,2025-11-25,AUD,851.49,DELIVERED
SO87454266,CUST00067,COPPER,84,PLANT-C,2026-01-05,2025-12-15,USD,97.66,PENDING
SO12831014,CUST00045,WOOD,32,PLANT-B,2025-07-15,2026-05-14,EUR,576.74,CANCELLED
SO30588994,CUST00016,WOOD,84,PLANT-B,2026-03-17,2026-05-14,EUR,417.04,OPEN
SO96425552,CUST00100,COPPER,41,PLANT-A,2026-05-10,2026-01-03,EUR,262.52,PENDING
SO44809404,CUST00083,PLASTIC,13,PLANT-B,2026-04-06,2025-11-25,AUD,950.69,OPEN
SO30069491,CUST00047,WOOD,28,PLANT-A,2025-08-11,2025-12-09,AUD,633.1,PENDING
SO81297497,CUST00040,WOOD,59,PLANT-C,2025-09-30,2026-03-09,AUD,370.43,OPEN
SO40523066,CUST00088,COPPER,1,PLANT-B,2026-04-29,2026-03-28,INR,179.67,CANCELLED
SO18198369,CUST00027,WOOD,56,PLANT-C,2025-08-01,2026-02-13,USD,92.51,PENDING
SO70768183,CUST00064,COPPER,44,PLANT-A,2025-12-08,2025-10-02,USD,624.6,PENDING
SO51979266,CUST00098,PLASTIC,18,PLANT-A,2025-08-16,2025-06-28,INR,699.49,OPEN
SO79542027,CUST00012,COPPER,66,PLANT-A,2026-01-28,2026-04-07,INR,335.09,CANCELLED
SO00435287,CUST00097,COPPER,36,PLANT-C,2025-08-29,2025-05-29,AUD,399.4,DELIVERED
SO88639940,CUST00064,PLASTIC,43,PLANT-C,2026-01-18,2025-08-24,INR,465.98,PENDING
SO41687503,CUST00021,RAW-STEEL,34,PLANT-C,2026-04-28,2026-02-27,GBP,489.41,CANCELLED
SO54428695,CUST00029,PLASTIC,71,PLANT-A,2026-04-15,2025-11-12,GBP,110.92,OPEN
SO64310443,CUST00030,COPPER,59,PLANT-C,2026-04-25,2025-12-20,EUR,56.92,CANCELLED
SO24909193,CUST00037,COPPER,81,PLANT-C,2025-10-13,2025-10-31,INR,690.51,PENDING
SO72739124,CUST00094,ALUMINUM,2,PLANT-A,2025-12-19,2026-03-04,AUD,252.76,OPEN
SO58874244,CUST00068,PLASTIC,13,PLANT-A,2025-09-15,2025-08-25,GBP,518.6,OPEN
SO34143183,CUST00083,PLASTIC,93,PLANT-C,2025-10-27,2025-06-15,EUR,155.32,PENDING
SO80665594,CUST00058,ALUMINUM,57,PLANT-B,2025-07-02,2026-02-14,AUD,527.51,CANCELLED
SO37504538,CUST00006,RAW-STEEL,54,PLANT-C,2026-04-24,2025-12-31,GBP,44.39,DELIVERED
SO42685604,CUST00058,COPPER,12,PLANT-B,2025-08-07,2025-07-25,USD,534.25,OPEN
SO15572097,CUST00040,RAW-STEEL,56,PLANT-C,2025-12-24,2026-04-02,EUR,651.61,DELIVERED
SO55246786,CUST00021,RAW-STEEL,42,PLANT-A,2025-08-23,2025-11-02,USD,997.03,DELIVERED
SO29168335,CUST00069,WOOD,82,PLANT-A,2026-02-05,2026-03-11,AUD,716.82,OPEN
SO06592178,CUST00051,ALUMINUM,63,PLANT-A,2025-12-27,2025-08-24,EUR,712.49,OPEN
SO19074158,CUST00035,WOOD,25,PLANT-B,2025-08-02,2026-03-25,INR,680.24,PENDING
SO17416938,CUST00072,PLASTIC,82,PLANT-C,2026-01-21,2025-12-31,EUR,168.6,DELIVERED
SO84743434,CUST00031,PLASTIC,93,PLANT-C,2025-09-09,2026-03-03,AUD,367.54,DELIVERED
SO83643924,CUST00035,WOOD,96,PLANT-A,2025-10-25,2025-12-13,USD,635.11,DELIVERED
SO18246491,CUST00072,PLASTIC,67,PLANT-B,2025-09-15,2025-06-17,GBP,96.02,DELIVERED
SO74759410,CUST00009,COPPER,87,PLANT-B,2025-10-28,2025-12-25,GBP,308.67,CANCELLED
SO66163854,CUST00060,WOOD,32,PLANT-A,2025-09-09,2026-05-13,AUD,502.56,DELIVERED
SO21027928,CUST00028,WOOD,83,PLANT-C,2026-05-10,2025-06-27,EUR,721.96,DELIVERED
SO48604636,CUST00035,COPPER,20,PLANT-C,2025-07-06,2025-11-08,GBP,47.03,PENDING
SO80108702,CUST00093,WOOD,66,PLANT-A,2026-04-17,2025-09-30,USD,55.74,PENDING
SO38898663,CUST00077,RAW-STEEL,23,PLANT-C,2026-04-05,2026-03-03,GBP,881.06,CANCELLED
SO32842486,CUST00094,RAW-STEEL,30,PLANT-A,2025-10-31,2026-03-16,USD,493.57,CANCELLED
SO93261404,CUST00082,WOOD,71,PLANT-A,2025-08-23,2026-01-02,INR,472.31,OPEN
SO21794518,CUST00006,RAW-STEEL,63,PLANT-C,2025-10-06,2025-09-16,AUD,432.31,PENDING
SO74418852,CUST00064,PLASTIC,16,PLANT-B,2025-08-14,2025-06-03,AUD,227.75,CANCELLED
SO38862338,CUST00042,RAW-STEEL,93,PLANT-C,2025-12-04,2026-05-16,GBP,77.12,OPEN
SO00414206,CUST00083,WOOD,70,PLANT-B,2025-08-09,2025-09-10,AUD,576.73,CANCELLED
SO87476531,CUST00068,WOOD,6,PLANT-A,2026-04-24,2025-10-07,AUD,245.9,PENDING
SO28571261,CUST00053,RAW-STEEL,2,PLANT-C,2025-08-11,2025-06-10,GBP,575.48,CANCELLED
SO26554314,CUST00056,WOOD,70,PLANT-A,2025-11-05,2025-06-05,AUD,430.54,CANCELLED
SO10588127,CUST00072,ALUMINUM,82,PLANT-A,2025-12-15,2025-10-11,EUR,581.51,DELIVERED
SO27776193,CUST00068,WOOD,16,PLANT-A,2026-01-24,2025-12-05,INR,950.51,CANCELLED
SO34939270,CUST00087,PLASTIC,60,PLANT-B,2025-07-04,2026-04-15,AUD,909.99,PENDING
SO99672555,CUST00042,ALUMINUM,99,PLANT-B,2025-12-04,2025-07-16,AUD,409.27,OPEN
SO51381706,CUST00064,PLASTIC,60,PLANT-B,2026-03-24,2025-11-17,EUR,126.59,PENDING
SO91982689,CUST00090,ALUMINUM,59,PLANT-C,2025-06-29,2026-01-19,INR,442.93,CANCELLED
SO24823329,CUST00015,ALUMINUM,40,PLANT-B,2026-02-10,2025-09-26,AUD,225.17,CANCELLED
SO06217798,CUST00007,PLASTIC,46,PLANT-C,2025-12-07,2026-05-16,AUD,927.3,CANCELLED
SO12037117,CUST00046,COPPER,100,PLANT-A,2026-05-20,2025-06-11,GBP,430.38,PENDING
SO09353276,CUST00029,ALUMINUM,60,PLANT-C,2026-02-03,2026-01-30,AUD,789.13,CANCELLED
SO97469789,CUST00027,WOOD,15,PLANT-C,2025-08-10,2026-01-20,USD,900.1,OPEN
SO08671363,CUST00027,RAW-STEEL,83,PLANT-C,2026-02-17,2025-07-30,EUR,852.27,OPEN
SO61271695,CUST00065,PLASTIC,94,PLANT-C,2026-03-12,2025-10-16,AUD,791.22,OPEN
SO70029475,CUST00051,COPPER,52,PLANT-A,2025-10-03,2025-05-27,AUD,661.03,OPEN
SO53417828,CUST00074,RAW-STEEL,40,PLANT-B,2026-04-13,2025-06-26,USD,306.18,OPEN
SO40157829,CUST00087,RAW-STEEL,53,PLANT-C,2025-12-08,2025-08-03,GBP,291.41,OPEN
SO75042136,CUST00077,COPPER,82,PLANT-A,2025-07-07,2025-12-24,INR,248.89,PENDING
SO45929990,CUST00070,WOOD,10,PLANT-A,2025-06-17,2025-09-23,GBP,21.28,DELIVERED
SO32375712,CUST00087,WOOD,71,PLANT-C,2026-01-03,2026-02-07,USD,938.94,OPEN
SO43580319,CUST00032,ALUMINUM,60,PLANT-A,2026-02-13,2025-11-22,AUD,73.22,CANCELLED
SO06362853,CUST00007,COPPER,77,PLANT-A,2026-02-10,2025-12-04,INR,542.68,DELIVERED
SO77935321,CUST00034,WOOD,69,PLANT-A,2025-07-12,2026-05-11,GBP,683.41,CANCELLED
SO64450577,CUST00075,WOOD,47,PLANT-B,2025-07-29,2026-03-14,INR,388.15,DELIVERED
SO07958399,CUST00026,RAW-STEEL,97,PLANT-C,2025-11-01,2026-03-10,USD,86.64,DELIVERED
SO25369732,CUST00021,ALUMINUM,46,PLANT-A,2026-02-08,2025-10-12,USD,490.07,DELIVERED
SO45851639,CUST00037,WOOD,34,PLANT-B,2026-04-11,2026-03-31,INR,667.17,CANCELLED
SO90742711,CUST00064,RAW-STEEL,80,PLANT-A,2026-01-26,2025-11-12,GBP,691.28,CANCELLED
SO52412764,CUST00061,WOOD,11,PLANT-A,2025-06-19,2025-10-25,GBP,97.7,OPEN
SO52079218,CUST00048,COPPER,33,PLANT-B,2025-08-21,2025-05-25,INR,243.5,CANCELLED
SO88587163,CUST00100,WOOD,22,PLANT-A,2026-01-01,2025-06-13,USD,510.0,DELIVERED
SO85217914,CUST00028,PLASTIC,72,PLANT-A,2025-08-20,2025-11-04,GBP,286.53,PENDING
SO84440523,CUST00059,WOOD,78,PLANT-C,2025-06-27,2025-09-07,INR,100.83,DELIVERED
SO32415808,CUST00040,RAW-STEEL,53,PLANT-B,2025-06-16,2025-05-28,INR,646.9,PENDING
SO51524596,CUST00047,WOOD,44,PLANT-B,2026-04-30,2025-07-26,EUR,706.04,CANCELLED
SO97359424,CUST00013,RAW-STEEL,69,PLANT-C,2026-02-06,2025-10-03,INR,842.07,CANCELLED
SO53016231,CUST00045,PLASTIC,24,PLANT-C,2025-08-24,2025-06-01,AUD,78.67,CANCELLED
SO02636162,CUST00099,RAW-STEEL,2,PLANT-B,2025-11-22,2026-01-16,GBP,559.9,DELIVERED
SO83709262,CUST00099,PLASTIC,67,PLANT-C,2025-09-19,2025-06-13,INR,461.47,CANCELLED
SO60422580,CUST00059,ALUMINUM,1,PLANT-C,2025-11-22,2026-05-13,USD,172.28,OPEN
SO55177361,CUST00061,ALUMINUM,70,PLANT-B,2025-07-26,2026-04-07,EUR,955.86,PENDING
SO65334936,CUST00086,ALUMINUM,8,PLANT-B,2026-01-19,2025-11-22,EUR,557.68,OPEN
SO45991286,CUST00049,WOOD,65,PLANT-B,2025-09-15,2026-01-11,EUR,13.35,CANCELLED
SO36116605,CUST00069,ALUMINUM,48,PLANT-C,2025-09-07,2026-03-28,AUD,629.7,DELIVERED
SO91764707,CUST00077,COPPER,81,PLANT-C,2026-01-08,2025-10-31,INR,578.37,OPEN
SO43911056,CUST00032,RAW-STEEL,43,PLANT-C,2025-06-16,2026-04-11,USD,177.52,PENDING
SO50561591,CUST00097,RAW-STEEL,77,PLANT-C,2026-03-31,2026-01-26,AUD,69.23,CANCELLED
SO80420589,CUST00095,PLASTIC,36,PLANT-B,2026-02-21,2025-08-08,AUD,797.58,OPEN
SO01464325,CUST00042,RAW-STEEL,90,PLANT-B,2026-03-24,2025-09-18,USD,994.04,PENDING
SO55368051,CUST00048,ALUMINUM,69,PLANT-A,2025-11-13,2025-05-31,GBP,122.22,CANCELLED
SO87652941,CUST00055,COPPER,69,PLANT-B,2026-04-17,2025-11-13,EUR,434.74,PENDING
SO27693842,CUST00028,PLASTIC,64,PLANT-C,2025-12-11,2025-08-07,USD,214.94,DELIVERED
SO55695994,CUST00009,RAW-STEEL,64,PLANT-C,2025-12-02,2025-12-26,EUR,704.15,OPEN
SO05400274,CUST00014,RAW-STEEL,14,PLANT-C,2025-09-08,2026-05-11,INR,270.5,DELIVERED
SO80499231,CUST00027,WOOD,33,PLANT-C,2026-01-07,2026-01-13,GBP,414.96,PENDING
SO63192336,CUST00087,COPPER,10,PLANT-B,2025-12-29,2026-03-07,INR,915.59,DELIVERED
SO95240813,CUST00095,ALUMINUM,68,PLANT-B,2026-05-07,2025-07-18,AUD,971.09,PENDING
SO68710650,CUST00070,PLASTIC,55,PLANT-A,2025-07-08,2025-05-28,USD,475.97,CANCELLED
SO32623008,CUST00043,RAW-STEEL,33,PLANT-C,2025-07-10,2026-04-16,GBP,46.5,OPEN
SO97547992,CUST00028,PLASTIC,61,PLANT-B,2025-07-13,2026-04-01,USD,15.07,DELIVERED
SO08668924,CUST00046,RAW-STEEL,96,PLANT-B,2025-09-30,2026-01-01,EUR,638.57,OPEN
SO78318601,CUST00065,PLASTIC,15,PLANT-C,2025-10-18,2026-05-21,EUR,218.08,CANCELLED
SO72147958,CUST00005,ALUMINUM,85,PLANT-A,2026-03-30,2025-07-19,INR,995.52,DELIVERED
SO89138792,CUST00002,COPPER,62,PLANT-B,2025-11-01,2025-08-10,USD,488.91,OPEN
SO55217052,CUST00016,ALUMINUM,26,PLANT-B,2025-11-28,2025-11-13,INR,479.47,PENDING
SO69489118,CUST00021,COPPER,91,PLANT-A,2026-02-05,2026-02-02,GBP,111.07,DELIVERED
SO13759958,CUST00018,PLASTIC,34,PLANT-B,2025-08-17,2025-12-06,USD,698.16,OPEN
SO78424413,CUST00037,COPPER,78,PLANT-C,2025-08-19,2026-04-11,INR,705.17,CANCELLED
SO91754991,CUST00030,RAW-STEEL,10,PLANT-B,2025-05-28,2025-08-18,GBP,936.11,PENDING
SO10709175,CUST00032,RAW-STEEL,81,PLANT-B,2025-06-05,2026-04-27,INR,682.9,OPEN
SO67897152,CUST00016,RAW-STEEL,78,PLANT-B,2025-07-09,2025-05-25,INR,162.71,PENDING
SO36293787,CUST00090,RAW-STEEL,82,PLANT-A,2025-09-08,2025-08-12,AUD,670.4,OPEN
SO00484011,CUST00011,RAW-STEEL,9,PLANT-A,2025-09-27,2025-10-23,AUD,337.32,CANCELLED
SO57443056,CUST00032,PLASTIC,72,PLANT-A,2026-05-22,2026-04-27,GBP,202.17,PENDING
SO22110397,CUST00069,RAW-STEEL,3,PLANT-B,2025-12-06,2025-08-18,GBP,605.86,OPEN
SO42945282,CUST00100,COPPER,29,PLANT-A,2025-10-24,2026-05-05,GBP,983.51,DELIVERED
SO38074011,CUST00016,PLASTIC,20,PLANT-B,2025-12-23,2026-01-05,EUR,313.76,DELIVERED
SO18633584,CUST00011,COPPER,80,PLANT-A,2025-10-11,2025-08-16,USD,822.23,OPEN
SO55623471,CUST00029,WOOD,72,PLANT-B,2025-07-20,2026-02-02,INR,43.8,DELIVERED
SO78343225,CUST00060,ALUMINUM,95,PLANT-A,2026-01-02,2025-11-21,INR,168.39,OPEN
SO40633425,CUST00048,COPPER,78,PLANT-A,2026-05-25,2026-04-03,AUD,706.19,OPEN
SO60029869,CUST00040,RAW-STEEL,66,PLANT-B,2026-04-21,2026-05-14,EUR,503.27,CANCELLED
SO41236402,CUST00053,PLASTIC,56,PLANT-C,2026-03-23,2025-12-29,AUD,633.57,DELIVERED
SO58977877,CUST00021,WOOD,26,PLANT-A,2025-12-27,2025-08-10,EUR,974.43,PENDING
SO16422826,CUST00042,ALUMINUM,28,PLANT-C,2025-07-25,2025-09-17,EUR,667.05,OPEN
SO45503458,CUST00097,ALUMINUM,99,PLANT-A,2026-01-31,2025-11-08,GBP,445.8,CANCELLED
SO35179263,CUST00087,COPPER,20,PLANT-B,2025-10-07,2025-10-18,USD,373.93,DELIVERED
SO03493334,CUST00024,WOOD,22,PLANT-A,2025-09-03,2025-12-25,EUR,971.24,CANCELLED
SO15525478,CUST00027,PLASTIC,3,PLANT-B,2025-06-06,2025-10-16,AUD,321.4,CANCELLED
SO83578876,CUST00069,PLASTIC,60,PLANT-A,2026-03-27,2026-01-12,EUR,891.1,PENDING
SO23512086,CUST00007,WOOD,91,PLANT-B,2026-02-15,2025-07-22,EUR,582.37,CANCELLED
SO38249793,CUST00054,ALUMINUM,72,PLANT-C,2025-08-27,2025-10-19,AUD,664.7,PENDING
SO77093659,CUST00022,RAW-STEEL,6,PLANT-C,2025-11-16,2026-01-01,USD,534.2,PENDING
SO01388565,CUST00076,COPPER,90,PLANT-B,2026-03-14,2025-05-29,INR,491.47,OPEN
SO22754712,CUST00077,RAW-STEEL,98,PLANT-A,2025-12-25,2026-02-27,INR,115.82,OPEN
SO73166673,CUST00095,WOOD,45,PLANT-A,2026-01-04,2026-03-30,INR,86.55,PENDING
SO76593801,CUST00014,WOOD,10,PLANT-B,2025-12-20,2026-01-16,GBP,200.62,DELIVERED
SO90499759,CUST00059,WOOD,73,PLANT-A,2026-05-11,2025-07-05,AUD,734.27,DELIVERED
SO86376898,CUST00088,RAW-STEEL,31,PLANT-A,2026-01-06,2026-02-22,USD,322.61,CANCELLED
SO06246804,CUST00039,COPPER,12,PLANT-B,2025-07-27,2025-11-15,USD,618.19,PENDING
SO23226589,CUST00007,RAW-STEEL,23,PLANT-A,2025-06-06,2025-10-02,EUR,718.38,CANCELLED
SO55597273,CUST00066,COPPER,18,PLANT-C,2025-11-13,2026-02-20,EUR,823.69,OPEN
SO40109228,CUST00031,RAW-STEEL,23,PLANT-A,2025-08-18,2025-06-22,AUD,533.17,OPEN
SO93144125,CUST00046,ALUMINUM,38,PLANT-A,2026-04-07,2025-09-24,USD,677.02,OPEN
SO07782207,CUST00089,RAW-STEEL,27,PLANT-B,2025-11-27,2025-07-27,EUR,174.89,PENDING
SO13691794,CUST00057,WOOD,46,PLANT-C,2026-03-22,2025-06-01,AUD,325.84,CANCELLED
SO81738335,CUST00028,ALUMINUM,96,PLANT-C,2025-11-12,2025-08-29,USD,274.12,DELIVERED
SO55706580,CUST00027,COPPER,97,PLANT-B,2025-08-13,2025-12-10,AUD,160.83,PENDING
SO90145977,CUST00019,PLASTIC,93,PLANT-B,2026-05-10,2025-09-14,AUD,720.41,CANCELLED
SO65286716,CUST00063,RAW-STEEL,59,PLANT-A,2026-02-06,2026-01-02,EUR,905.87,PENDING
SO40669717,CUST00088,COPPER,63,PLANT-B,2025-10-24,2026-02-15,EUR,909.47,OPEN
SO54239683,CUST00050,PLASTIC,26,PLANT-A,2026-04-06,2026-04-05,GBP,771.94,DELIVERED
SO55677701,CUST00011,ALUMINUM,94,PLANT-A,2026-03-17,2025-07-04,GBP,226.65,PENDING
SO28320592,CUST00048,WOOD,56,PLANT-C,2025-06-10,2025-12-23,AUD,556.08,DELIVERED
SO74133066,CUST00025,RAW-STEEL,66,PLANT-C,2026-03-14,2025-08-03,GBP,538.58,OPEN
SO09670959,CUST00081,ALUMINUM,53,PLANT-C,2025-11-11,2025-08-03,INR,49.88,PENDING
SO67255006,CUST00014,PLASTIC,43,PLANT-B,2025-11-15,2026-05-24,EUR,276.03,CANCELLED
SO13300951,CUST00022,ALUMINUM,15,PLANT-B,2025-09-24,2025-10-11,AUD,926.11,PENDING
SO25221813,CUST00090,WOOD,14,PLANT-A,2026-05-09,2026-01-12,AUD,502.17,CANCELLED
SO52988939,CUST00058,WOOD,75,PLANT-C,2025-06-09,2025-09-09,INR,775.65,PENDING
SO10164349,CUST00006,PLASTIC,30,PLANT-A,2025-12-01,2025-10-29,GBP,375.74,DELIVERED
SO52098228,CUST00068,PLASTIC,52,PLANT-B,2026-05-07,2025-12-25,INR,661.03,PENDING
SO51908555,CUST00013,WOOD,30,PLANT-B,2026-01-31,2026-04-07,EUR,888.97,OPEN
SO96449364,CUST00033,ALUMINUM,91,PLANT-A,2025-07-29,2025-07-17,INR,767.94,PENDING
SO25427412,CUST00049,COPPER,33,PLANT-B,2025-07-17,2025-12-30,AUD,587.44,OPEN
SO83447960,CUST00063,RAW-STEEL,91,PLANT-C,2025-08-10,2026-02-17,USD,661.44,OPEN
SO46531405,CUST00024,WOOD,94,PLANT-A,2025-09-22,2026-02-04,EUR,698.54,CANCELLED
SO15621724,CUST00061,ALUMINUM,15,PLANT-B,2025-08-25,2026-01-29,USD,393.77,OPEN
SO78103394,CUST00006,COPPER,13,PLANT-C,2025-09-07,2025-12-11,GBP,19.07,OPEN
SO33050422,CUST00060,COPPER,5,PLANT-C,2025-10-16,2026-05-17,USD,597.01,OPEN
SO56701644,CUST00057,WOOD,68,PLANT-A,2025-07-25,2025-07-21,GBP,669.56,DELIVERED
SO28461355,CUST00012,COPPER,71,PLANT-A,2025-10-18,2025-06-12,AUD,964.06,DELIVERED
SO84662308,CUST00003,RAW-STEEL,70,PLANT-C,2025-06-14,2025-08-15,AUD,700.76,PENDING
SO50596774,CUST00040,WOOD,22,PLANT-A,2026-05-19,2025-12-11,EUR,741.93,PENDING
SO67109561,CUST00068,PLASTIC,7,PLANT-B,2025-09-10,2025-06-03,GBP,230.91,PENDING
SO50027779,CUST00049,PLASTIC,92,PLANT-B,2025-10-12,2026-01-25,USD,513.43,CANCELLED
SO34276207,CUST00078,RAW-STEEL,29,PLANT-A,2025-07-22,2025-07-23,EUR,746.11,PENDING
SO69087587,CUST00004,COPPER,79,PLANT-C,2025-07-11,2025-08-15,INR,284.14,PENDING
SO53397363,CUST00006,WOOD,56,PLANT-B,2025-11-12,2025-09-02,GBP,179.31,DELIVERED
SO28406885,CUST00089,COPPER,24,PLANT-A,2025-06-16,2025-06-26,GBP,127.81,OPEN
SO89524116,CUST00043,ALUMINUM,26,PLANT-B,2025-08-28,2026-01-03,USD,841.46,OPEN
SO28712169,CUST00035,COPPER,61,PLANT-A,2025-06-15,2026-05-02,INR,413.81,CANCELLED
SO01121286,CUST00035,ALUMINUM,70,PLANT-A,2025-08-15,2025-06-05,AUD,210.49,CANCELLED
SO88076406,CUST00031,WOOD,19,PLANT-A,2025-08-23,2025-09-20,EUR,944.4,OPEN
SO14900675,CUST00041,COPPER,12,PLANT-B,2025-07-02,2025-08-10,GBP,489.83,OPEN
SO20814065,CUST00090,WOOD,1,PLANT-C,2026-04-23,2025-06-16,USD,646.35,DELIVERED
SO51664987,CUST00099,RAW-STEEL,42,PLANT-B,2026-05-07,2026-02-03,INR,526.44,PENDING
SO63584911,CUST00062,WOOD,92,PLANT-A,2025-10-03,2026-05-04,USD,565.01,DELIVERED
SO10784624,CUST00011,RAW-STEEL,87,PLANT-C,2025-06-06,2026-01-26,AUD,694.01,CANCELLED
SO82938693,CUST00065,COPPER,53,PLANT-A,2025-09-05,2025-09-16,GBP,751.34,DELIVERED
SO34901312,CUST00006,COPPER,99,PLANT-B,2025-10-26,2025-09-28,INR,165.73,PENDING
SO08523738,CUST00061,RAW-STEEL,16,PLANT-B,2025-08-18,2026-02-21,USD,146.18,PENDING
SO05976196,CUST00010,RAW-STEEL,26,PLANT-C,2025-06-25,2026-02-28,AUD,150.02,PENDING
SO60190858,CUST00071,ALUMINUM,44,PLANT-B,2025-08-07,2026-05-04,USD,174.05,OPEN
SO37956165,CUST00096,ALUMINUM,49,PLANT-C,2026-03-28,2025-10-24,USD,467.71,PENDING
SO88867523,CUST00071,PLASTIC,71,PLANT-B,2025-07-23,2025-08-09,EUR,516.61,OPEN
SO58501090,CUST00051,COPPER,59,PLANT-C,2025-08-03,2025-12-05,USD,390.76,CANCELLED
SO46344957,CUST00058,WOOD,69,PLANT-C,2025-07-18,2026-02-04,EUR,112.36,OPEN
SO53986692,CUST00083,RAW-STEEL,1,PLANT-A,2026-05-24,2026-02-22,AUD,13.54,OPEN
SO64759121,CUST00091,ALUMINUM,82,PLANT-C,2026-01-31,2025-05-26,GBP,384.67,PENDING
SO92454675,CUST00094,PLASTIC,44,PLANT-A,2026-04-26,2025-06-30,USD,913.95,CANCELLED
SO60410743,CUST00075,WOOD,82,PLANT-C,2025-07-27,2026-03-09,EUR,262.77,OPEN
SO35735103,CUST00049,RAW-STEEL,61,PLANT-A,2025-06-13,2025-10-10,GBP,767.23,PENDING
SO02675601,CUST00066,PLASTIC,42,PLANT-C,2026-02-26,2025-08-18,EUR,325.22,DELIVERED
SO00121510,CUST00023,PLASTIC,97,PLANT-A,2025-10-02,2026-02-09,INR,942.3,CANCELLED
SO78028900,CUST00071,RAW-STEEL,8,PLANT-A,2025-11-25,2025-06-22,INR,143.16,PENDING
SO12801158,CUST00028,ALUMINUM,84,PLANT-A,2026-02-20,2025-09-29,EUR,529.22,OPEN
SO44666181,CUST00041,COPPER,65,PLANT-A,2025-11-21,2025-05-25,AUD,479.62,DELIVERED
SO66206049,CUST00042,COPPER,76,PLANT-A,2026-05-01,2025-11-17,AUD,990.48,OPEN
SO86927463,CUST00040,ALUMINUM,9,PLANT-C,2026-05-09,2025-06-11,GBP,103.73,DELIVERED
SO95533059,CUST00078,RAW-STEEL,27,PLANT-B,2026-05-05,2025-09-05,AUD,343.39,OPEN
SO47096383,CUST00029,RAW-STEEL,100,PLANT-B,2025-08-20,2025-08-20,EUR,107.06,PENDING
SO44577834,CUST00094,PLASTIC,93,PLANT-B,2025-10-26,2025-11-07,GBP,755.8,PENDING
SO93162821,CUST00098,WOOD,12,PLANT-B,2025-08-28,2026-04-22,EUR,932.61,OPEN
SO59459480,CUST00053,ALUMINUM,33,PLANT-A,2026-04-17,2026-05-06,USD,42.26,DELIVERED
SO78429467,CUST00041,COPPER,90,PLANT-A,2025-08-20,2025-06-05,INR,644.98,DELIVERED
SO58278803,CUST00020,RAW-STEEL,12,PLANT-A,2026-04-13,2025-06-03,USD,753.72,CANCELLED
SO63647002,CUST00050,PLASTIC,33,PLANT-A,2025-10-17,2025-12-31,EUR,845.46,CANCELLED
SO44657946,CUST00069,COPPER,73,PLANT-A,2026-03-29,2025-08-20,GBP,179.58,PENDING
SO80260024,CUST00019,ALUMINUM,1,PLANT-A,2025-12-17,2026-03-08,AUD,311.75,PENDING
SO27579881,CUST00063,COPPER,5,PLANT-B,2025-09-06,2025-08-15,EUR,942.26,CANCELLED
SO17972415,CUST00050,ALUMINUM,16,PLANT-B,2025-09-16,2026-05-07,GBP,26.1,CANCELLED
SO89572409,CUST00082,ALUMINUM,29,PLANT-B,2025-05-27,2025-06-01,AUD,333.3,DELIVERED
SO57300479,CUST00086,WOOD,43,PLANT-B,2025-09-22,2025-07-03,EUR,964.66,PENDING
SO65792966,CUST00025,COPPER,84,PLANT-A,2026-02-10,2025-12-29,GBP,742.17,OPEN
SO18200619,CUST00047,ALUMINUM,77,PLANT-C,2025-12-06,2025-12-13,GBP,199.43,DELIVERED
SO47653697,CUST00080,PLASTIC,78,PLANT-B,2026-05-09,2025-08-12,USD,144.67,OPEN
SO98337954,CUST00065,ALUMINUM,42,PLANT-C,2026-04-08,2025-11-21,GBP,334.9,DELIVERED
SO22966051,CUST00064,ALUMINUM,84,PLANT-B,2026-01-26,2025-11-24,GBP,802.04,PENDING
SO89252526,CUST00001,ALUMINUM,92,PLANT-C,2026-03-28,2025-06-28,INR,62.69,DELIVERED
SO55204998,CUST00023,RAW-STEEL,97,PLANT-C,2025-12-18,2025-12-21,USD,370.19,DELIVERED
SO39004767,CUST00095,PLASTIC,37,PLANT-C,2025-07-30,2026-04-17,USD,457.96,OPEN
SO73571954,CUST00003,WOOD,65,PLANT-B,2026-04-24,2025-11-08,GBP,834.9,OPEN
SO34303037,CUST00012,ALUMINUM,14,PLANT-B,2025-08-23,2025-11-30,USD,174.49,CANCELLED
SO49006613,CUST00020,COPPER,42,PLANT-C,2026-02-19,2025-11-11,GBP,249.62,OPEN
SO69420936,CUST00071,WOOD,30,PLANT-C,2026-04-04,2025-07-07,GBP,611.01,DELIVERED
SO84741090,CUST00097,COPPER,35,PLANT-A,2025-09-20,2026-02-20,AUD,50.65,CANCELLED
SO87891356,CUST00014,RAW-STEEL,27,PLANT-B,2026-01-05,2026-03-25,AUD,784.54,DELIVERED
SO70507036,CUST00028,COPPER,29,PLANT-A,2025-07-17,2025-05-30,USD,445.81,CANCELLED
SO95452001,CUST00037,WOOD,79,PLANT-C,2026-04-12,2026-02-10,AUD,495.74,PENDING
SO59030273,CUST00008,WOOD,88,PLANT-A,2025-10-23,2025-07-20,AUD,729.65,CANCELLED
SO44462584,CUST00019,RAW-STEEL,68,PLANT-B,2025-11-07,2026-03-07,AUD,290.13,PENDING
SO54226943,CUST00090,PLASTIC,5,PLANT-B,2025-08-27,2025-10-17,EUR,825.83,PENDING
SO34833220,CUST00024,PLASTIC,84,PLANT-C,2025-08-15,2025-09-16,AUD,136.99,DELIVERED
SO92864340,CUST00081,RAW-STEEL,4,PLANT-A,2025-06-28,2025-11-26,EUR,320.2,CANCELLED
SO37089154,CUST00066,ALUMINUM,59,PLANT-A,2025-07-16,2026-05-05,GBP,443.4,OPEN
SO49157545,CUST00013,WOOD,97,PLANT-C,2026-04-09,2026-02-02,EUR,817.7,DELIVERED
SO29217728,CUST00099,ALUMINUM,24,PLANT-B,2026-05-13,2025-07-15,AUD,420.41,CANCELLED
SO53458283,CUST00019,PLASTIC,88,PLANT-A,2025-06-18,2026-04-23,INR,13.29,OPEN
SO57558593,CUST00039,WOOD,95,PLANT-A,2025-09-09,2025-05-28,INR,699.94,DELIVERED
SO40676051,CUST00041,RAW-STEEL,42,PLANT-A,2025-12-05,2025-09-14,AUD,896.54,PENDING
SO96122243,CUST00064,WOOD,46,PLANT-A,2025-09-27,2025-12-25,USD,816.25,CANCELLED
SO85895722,CUST00034,RAW-STEEL,1,PLANT-B,2026-01-26,2025-11-21,USD,468.19,PENDING
SO60090973,CUST00063,WOOD,37,PLANT-A,2026-04-28,2025-06-14,INR,637.54,PENDING
SO36474534,CUST00060,RAW-STEEL,61,PLANT-A,2025-11-12,2025-09-23,GBP,321.96,PENDING
SO61487916,CUST00043,PLASTIC,96,PLANT-A,2025-10-09,2025-12-18,USD,555.9,PENDING
SO10412053,CUST00090,RAW-STEEL,75,PLANT-B,2025-12-07,2026-03-09,INR,720.85,OPEN
SO98165678,CUST00002,WOOD,79,PLANT-B,2025-10-31,2025-12-22,AUD,950.98,PENDING
SO13533396,CUST00036,ALUMINUM,96,PLANT-B,2026-04-04,2026-01-13,EUR,354.59,DELIVERED
SO43499450,CUST00025,RAW-STEEL,79,PLANT-C,2026-03-27,2026-01-21,GBP,304.33,OPEN
SO34221783,CUST00096,COPPER,96,PLANT-B,2025-11-03,2026-03-16,GBP,120.37,PENDING
SO56695942,CUST00009,PLASTIC,64,PLANT-A,2026-05-06,2025-11-22,USD,814.43,DELIVERED
SO17987209,CUST00063,PLASTIC,81,PLANT-C,2026-04-23,2025-10-12,USD,338.46,CANCELLED
SO17310352,CUST00045,WOOD,16,PLANT-A,2026-03-02,2026-01-31,USD,231.53,PENDING
SO78595156,CUST00072,RAW-STEEL,24,PLANT-A,2025-08-26,2025-09-19,INR,189.03,DELIVERED
SO30045017,CUST00002,PLASTIC,80,PLANT-C,2025-08-31,2025-09-06,GBP,312.34,PENDING
SO73535930,CUST00079,COPPER,77,PLANT-C,2026-03-21,2026-05-22,AUD,115.09,PENDING
SO70751223,CUST00067,WOOD,39,PLANT-A,2025-09-11,2025-08-28,EUR,799.13,DELIVERED
SO14401242,CUST00080,WOOD,64,PLANT-B,2026-05-18,2025-09-23,GBP,724.65,DELIVERED
SO52649978,CUST00039,RAW-STEEL,53,PLANT-C,2025-07-17,2026-04-13,AUD,214.42,PENDING
SO37799098,CUST00067,PLASTIC,77,PLANT-B,2025-09-17,2026-02-10,USD,636.72,PENDING
SO48168640,CUST00051,WOOD,52,PLANT-C,2025-09-28,2026-03-02,EUR,435.23,OPEN
SO24188151,CUST00026,RAW-STEEL,82,PLANT-A,2025-08-26,2025-06-26,EUR,340.66,CANCELLED
SO13847997,CUST00091,PLASTIC,70,PLANT-B,2026-02-12,2025-11-10,GBP,660.31,PENDING
SO51222264,CUST00051,ALUMINUM,39,PLANT-B,2026-04-30,2025-12-12,USD,821.01,DELIVERED
SO21471452,CUST00064,WOOD,81,PLANT-A,2026-04-23,2025-06-29,USD,724.23,PENDING
SO38028231,CUST00038,WOOD,37,PLANT-A,2025-11-25,2026-05-01,GBP,680.24,DELIVERED
SO35778412,CUST00085,COPPER,84,PLANT-C,2025-10-30,2026-01-02,EUR,864.14,OPEN
SO11863048,CUST00045,PLASTIC,52,PLANT-B,2026-05-17,2025-12-29,GBP,504.08,CANCELLED
SO91787650,CUST00039,COPPER,75,PLANT-B,2025-11-08,2025-12-18,USD,49.02,OPEN
SO80156927,CUST00075,PLASTIC,59,PLANT-A,2025-11-03,2026-01-31,USD,730.47,PENDING
SO55426320,CUST00001,WOOD,18,PLANT-A,2026-02-14,2026-03-26,INR,681.28,OPEN
SO24606900,CUST00088,ALUMINUM,32,PLANT-A,2025-11-26,2025-06-11,GBP,538.57,OPEN
SO95063412,CUST00007,PLASTIC,99,PLANT-B,2025-11-11,2026-04-24,EUR,745.52,CANCELLED
SO29465325,CUST00078,ALUMINUM,70,PLANT-B,2026-02-05,2025-06-30,EUR,843.76,PENDING
SO59602689,CUST00070,ALUMINUM,61,PLANT-A,2025-07-06,2025-06-30,EUR,809.88,PENDING
SO65595517,CUST00048,RAW-STEEL,15,PLANT-B,2026-01-21,2025-07-25,GBP,216.82,DELIVERED
SO80899982,CUST00008,PLASTIC,23,PLANT-B,2026-05-10,2025-07-03,USD,317.52,DELIVERED
SO94158256,CUST00021,ALUMINUM,88,PLANT-C,2025-11-06,2025-09-03,GBP,641.13,DELIVERED
SO21309681,CUST00016,WOOD,70,PLANT-C,2026-04-21,2025-09-22,USD,413.5,PENDING
SO93323556,CUST00029,WOOD,87,PLANT-A,2026-02-22,2025-11-17,GBP,662.85,PENDING
SO52764696,CUST00078,ALUMINUM,57,PLANT-C,2025-12-29,2026-04-27,AUD,491.31,PENDING
SO39660880,CUST00092,ALUMINUM,22,PLANT-A,2025-12-12,2025-10-29,INR,700.48,OPEN
SO18745326,CUST00003,ALUMINUM,7,PLANT-C,2025-09-26,2025-09-26,USD,597.56,PENDING
SO41243821,CUST00012,RAW-STEEL,70,PLANT-A,2025-07-25,2025-12-08,EUR,807.67,OPEN
SO94696129,CUST00036,WOOD,83,PLANT-C,2026-03-05,2026-03-31,USD,94.11,PENDING
SO76990346,CUST00074,WOOD,8,PLANT-B,2026-01-10,2025-07-19,INR,250.05,OPEN
SO62176905,CUST00065,ALUMINUM,69,PLANT-B,2026-01-08,2026-02-02,EUR,414.11,OPEN
SO74466148,CUST00003,RAW-STEEL,69,PLANT-B,2025-12-22,2026-03-25,INR,450.38,PENDING
SO65527125,CUST00020,RAW-STEEL,10,PLANT-B,2026-01-03,2025-12-06,GBP,332.97,OPEN
SO21669032,CUST00026,ALUMINUM,51,PLANT-B,2025-10-23,2026-04-06,USD,827.42,DELIVERED
SO36714363,CUST00044,COPPER,18,PLANT-B,2025-10-22,2025-05-25,GBP,140.27,OPEN
SO62712328,CUST00016,ALUMINUM,15,PLANT-A,2025-05-27,2025-08-20,INR,47.05,OPEN
SO94957328,CUST00051,PLASTIC,80,PLANT-A,2025-08-03,2025-08-02,USD,733.11,OPEN
SO60564335,CUST00061,COPPER,6,PLANT-A,2025-12-13,2025-07-11,EUR,538.63,OPEN
SO79498993,CUST00072,RAW-STEEL,79,PLANT-C,2025-09-24,2025-11-14,INR,153.26,DELIVERED
SO87205352,CUST00043,RAW-STEEL,6,PLANT-B,2025-08-26,2026-02-25,USD,651.05,CANCELLED
SO78843710,CUST00044,COPPER,48,PLANT-B,2026-03-23,2025-11-17,GBP,40.68,OPEN
SO46822549,CUST00012,PLASTIC,50,PLANT-A,2026-04-14,2025-10-28,USD,579.56,CANCELLED
SO00662652,CUST00082,WOOD,83,PLANT-B,2026-04-24,2025-11-25,USD,615.45,OPEN
SO12430698,CUST00044,PLASTIC,20,PLANT-B,2026-02-11,2025-11-09,EUR,856.79,DELIVERED
SO19716148,CUST00055,RAW-STEEL,53,PLANT-C,2025-09-13,2025-08-15,GBP,462.34,PENDING
SO03763328,CUST00061,PLASTIC,94,PLANT-C,2026-04-10,2025-12-12,GBP,629.96,OPEN
SO92763345,CUST00070,PLASTIC,93,PLANT-A,2025-07-05,2025-08-11,USD,427.24,OPEN
SO78033950,CUST00074,RAW-STEEL,91,PLANT-B,2025-12-16,2026-04-28,USD,797.21,OPEN
SO84937669,CUST00096,PLASTIC,38,PLANT-C,2025-07-09,2026-05-22,INR,530.42,PENDING
SO68089141,CUST00096,RAW-STEEL,56,PLANT-B,2025-06-09,2026-01-28,GBP,383.19,PENDING
SO56908271,CUST00038,COPPER,13,PLANT-A,2026-04-26,2026-05-06,USD,109.8,DELIVERED
SO68438830,CUST00051,COPPER,49,PLANT-A,2025-09-24,2025-05-27,GBP,505.94,PENDING
SO20948162,CUST00002,RAW-STEEL,44,PLANT-A,2026-01-11,2025-06-23,INR,668.49,CANCELLED
SO39861016,CUST00021,COPPER,100,PLANT-C,2025-11-15,2026-02-11,GBP,103.72,PENDING
SO59386923,CUST00042,PLASTIC,45,PLANT-B,2026-04-22,2026-03-30,USD,641.37,PENDING
SO19556017,CUST00030,PLASTIC,28,PLANT-C,2025-08-17,2025-06-03,GBP,659.76,DELIVERED
SO92837145,CUST00037,PLASTIC,93,PLANT-B,2026-03-24,2026-03-24,GBP,417.77,CANCELLED
SO32983128,CUST00004,WOOD,64,PLANT-A,2026-02-14,2025-08-01,USD,425.99,PENDING
SO69673691,CUST00011,RAW-STEEL,4,PLANT-B,2025-10-03,2026-03-25,GBP,189.42,CANCELLED
SO24526863,CUST00021,ALUMINUM,5,PLANT-C,2025-07-05,2025-11-26,INR,352.95,PENDING
SO82345614,CUST00099,COPPER,6,PLANT-C,2026-03-03,2025-12-17,EUR,262.65,PENDING
SO13651858,CUST00019,RAW-STEEL,66,PLANT-A,2025-12-27,2025-06-11,INR,82.78,OPEN
SO12331863,CUST00099,COPPER,42,PLANT-C,2025-06-12,2026-01-02,USD,701.53,DELIVERED
SO16941159,CUST00004,PLASTIC,36,PLANT-C,2026-01-04,2025-09-26,EUR,457.23,CANCELLED
SO52808671,CUST00019,RAW-STEEL,38,PLANT-A,2026-04-08,2025-11-10,EUR,683.28,DELIVERED
SO88858791,CUST00073,ALUMINUM,26,PLANT-C,2025-12-31,2025-10-13,USD,47.11,CANCELLED
SO91418911,CUST00017,RAW-STEEL,38,PLANT-C,2026-01-29,2025-12-29,INR,786.63,OPEN
SO54956851,CUST00077,ALUMINUM,86,PLANT-A,2025-08-21,2025-11-28,EUR,457.0,OPEN
SO11078021,CUST00074,WOOD,60,PLANT-C,2025-08-02,2025-06-08,USD,88.0,OPEN
SO79764052,CUST00060,ALUMINUM,2,PLANT-B,2025-06-18,2026-05-21,AUD,394.93,OPEN
SO93031916,CUST00049,PLASTIC,89,PLANT-A,2026-01-11,2025-08-28,USD,412.29,CANCELLED
SO60986318,CUST00027,PLASTIC,31,PLANT-C,2026-01-17,2026-01-19,USD,387.5,DELIVERED
SO49209389,CUST00006,ALUMINUM,87,PLANT-A,2025-08-24,2026-04-09,USD,180.65,PENDING
SO39508053,CUST00032,COPPER,42,PLANT-A,2026-05-20,2026-02-21,EUR,337.99,DELIVERED
SO82991205,CUST00075,COPPER,23,PLANT-B,2025-09-07,2025-10-21,USD,762.67,OPEN
SO04081362,CUST00062,ALUMINUM,87,PLANT-A,2025-12-27,2026-03-07,AUD,493.0,PENDING
SO09081306,CUST00047,ALUMINUM,42,PLANT-B,2026-03-17,2025-11-06,GBP,296.6,DELIVERED
SO97795817,CUST00047,RAW-STEEL,84,PLANT-A,2025-12-29,2026-01-28,USD,165.35,PENDING
SO94412107,CUST00051,PLASTIC,27,PLANT-B,2026-01-01,2026-04-06,GBP,308.25,PENDING
SO99252482,CUST00093,RAW-STEEL,66,PLANT-B,2026-03-19,2025-07-31,GBP,470.17,PENDING
SO66236796,CUST00041,PLASTIC,73,PLANT-A,2025-08-21,2026-03-19,GBP,167.42,PENDING
SO17384933,CUST00047,COPPER,85,PLANT-C,2026-03-11,2026-04-21,INR,974.31,DELIVERED
SO05926902,CUST00001,RAW-STEEL,47,PLANT-B,2025-05-31,2025-05-25,USD,19.11,PENDING
SO13315647,CUST00060,PLASTIC,97,PLANT-C,2025-07-16,2026-05-24,GBP,937.84,PENDING
SO84309519,CUST00038,COPPER,100,PLANT-B,2025-07-31,2026-01-01,USD,991.23,PENDING
SO09022043,CUST00048,PLASTIC,97,PLANT-B,2025-06-10,2025-06-24,EUR,330.76,PENDING
SO04160748,CUST00012,COPPER,34,PLANT-C,2025-06-13,2026-05-05,EUR,124.11,CANCELLED
SO41269626,CUST00001,RAW-STEEL,50,PLANT-B,2025-11-27,2025-11-26,EUR,22.52,CANCELLED
SO23494355,CUST00058,COPPER,75,PLANT-A,2025-09-08,2025-12-17,EUR,463.07,CANCELLED
SO79323360,CUST00064,WOOD,27,PLANT-C,2025-12-28,2025-08-02,GBP,484.11,DELIVERED
SO81702457,CUST00083,COPPER,24,PLANT-C,2025-07-11,2025-08-23,INR,46.85,DELIVERED
SO13802579,CUST00067,ALUMINUM,59,PLANT-A,2026-03-20,2025-10-01,USD,283.18,OPEN
SO69684351,CUST00043,PLASTIC,54,PLANT-C,2026-02-12,2025-09-04,GBP,835.72,OPEN
SO66468491,CUST00061,COPPER,97,PLANT-C,2025-10-26,2025-11-06,USD,162.73,DELIVERED
SO86452418,CUST00063,WOOD,5,PLANT-C,2025-08-29,2025-07-15,EUR,681.1,CANCELLED
SO42644159,CUST00053,WOOD,16,PLANT-C,2026-02-23,2026-03-23,EUR,171.84,PENDING
SO78769715,CUST00052,COPPER,33,PLANT-C,2026-04-16,2025-11-21,USD,234.31,OPEN
SO76330139,CUST00042,COPPER,76,PLANT-C,2026-05-20,2025-06-28,USD,901.54,DELIVERED
SO93132171,CUST00003,PLASTIC,5,PLANT-C,2026-02-05,2026-02-20,USD,383.54,OPEN
SO83362259,CUST00068,PLASTIC,54,PLANT-A,2025-08-25,2026-02-11,USD,338.49,DELIVERED
SO02569600,CUST00026,WOOD,11,PLANT-B,2025-10-28,2026-04-05,USD,299.57,PENDING
SO55577469,CUST00087,COPPER,80,PLANT-C,2026-02-17,2025-12-10,GBP,436.72,OPEN
SO87106863,CUST00062,PLASTIC,42,PLANT-A,2026-05-09,2026-02-18,AUD,627.75,CANCELLED
SO61788172,CUST00055,COPPER,38,PLANT-B,2026-04-25,2026-03-29,GBP,822.52,CANCELLED
SO52813026,CUST00100,ALUMINUM,55,PLANT-C,2026-03-22,2025-07-28,EUR,329.99,OPEN
SO47223172,CUST00070,COPPER,89,PLANT-B,2025-06-07,2025-08-27,USD,895.75,CANCELLED
SO90935553,CUST00062,RAW-STEEL,93,PLANT-B,2026-05-08,2026-04-10,INR,563.69,CANCELLED
SO34865627,CUST00051,WOOD,81,PLANT-C,2025-10-13,2025-10-03,EUR,544.76,CANCELLED
SO15223523,CUST00062,RAW-STEEL,100,PLANT-A,2026-01-17,2025-12-16,INR,219.51,PENDING
SO16142801,CUST00041,PLASTIC,43,PLANT-C,2026-04-16,2025-11-24,USD,112.2,CANCELLED
SO98036628,CUST00022,ALUMINUM,77,PLANT-C,2026-02-18,2025-10-15,USD,882.27,CANCELLED
SO08565444,CUST00049,RAW-STEEL,67,PLANT-A,2025-10-11,2025-11-24,USD,519.87,PENDING
SO80359477,CUST00015,ALUMINUM,83,PLANT-A,2025-09-26,2026-01-14,AUD,570.62,OPEN
SO59225211,CUST00041,COPPER,89,PLANT-A,2026-01-19,2026-04-16,USD,588.51,CANCELLED
SO19530626,CUST00072,ALUMINUM,79,PLANT-C,2025-11-02,2026-05-05,GBP,817.39,PENDING
SO16877482,CUST00014,ALUMINUM,21,PLANT-C,2025-08-30,2025-08-30,GBP,881.11,DELIVERED
SO69790614,CUST00084,COPPER,54,PLANT-B,2025-12-03,2025-06-13,AUD,813.11,OPEN
SO69906327,CUST00088,PLASTIC,12,PLANT-A,2025-08-28,2026-03-24,USD,717.79,CANCELLED
SO64177517,CUST00019,WOOD,81,PLANT-A,2025-07-14,2025-08-30,GBP,782.01,CANCELLED
SO71594753,CUST00098,PLASTIC,50,PLANT-A,2025-11-08,2026-04-28,INR,335.76,OPEN
SO44633924,CUST00023,RAW-STEEL,6,PLANT-A,2025-10-24,2025-09-14,USD,644.33,OPEN
SO23347332,CUST00092,RAW-STEEL,37,PLANT-A,2025-08-01,2025-12-13,GBP,647.23,PENDING
SO54980284,CUST00045,ALUMINUM,75,PLANT-C,2026-04-17,2025-07-03,INR,338.78,OPEN
SO37988666,CUST00036,WOOD,35,PLANT-A,2025-08-15,2025-10-14,AUD,649.6,CANCELLED
SO18029073,CUST00060,PLASTIC,23,PLANT-B,2026-04-06,2026-01-24,USD,564.58,DELIVERED
SO50962951,CUST00099,COPPER,97,PLANT-A,2026-01-19,2026-05-12,EUR,107.85,CANCELLED
SO44936662,CUST00050,WOOD,95,PLANT-A,2025-10-04,2026-04-02,USD,97.3,CANCELLED
SO32938667,CUST00093,WOOD,38,PLANT-A,2025-09-25,2025-07-24,GBP,861.36,PENDING
SO94600062,CUST00008,COPPER,56,PLANT-B,2026-02-20,2025-07-31,GBP,201.81,OPEN
SO42563399,CUST00077,PLASTIC,77,PLANT-B,2026-02-07,2025-07-18,EUR,874.94,PENDING
SO42474246,CUST00008,WOOD,15,PLANT-C,2025-08-06,2025-11-29,GBP,712.82,PENDING
SO42131550,CUST00069,RAW-STEEL,37,PLANT-B,2026-03-17,2025-07-10,USD,132.17,OPEN
SO69215853,CUST00059,WOOD,20,PLANT-B,2025-11-26,2026-01-04,EUR,809.95,CANCELLED
SO08078265,CUST00041,PLASTIC,36,PLANT-C,2025-06-10,2026-04-21,GBP,199.97,OPEN
SO81523128,CUST00015,RAW-STEEL,62,PLANT-C,2026-03-31,2025-07-27,GBP,582.07,OPEN
SO59394531,CUST00034,PLASTIC,58,PLANT-C,2026-01-08,2025-10-05,AUD,394.08,DELIVERED
SO81097548,CUST00033,ALUMINUM,24,PLANT-B,2025-06-17,2026-03-10,USD,934.7,PENDING
SO69953860,CUST00015,PLASTIC,59,PLANT-C,2025-07-25,2025-05-25,USD,182.54,DELIVERED
SO44608486,CUST00006,ALUMINUM,10,PLANT-C,2025-12-16,2025-05-25,INR,698.55,CANCELLED
SO06347009,CUST00071,PLASTIC,92,PLANT-B,2025-10-11,2026-02-21,EUR,61.95,PENDING
SO90183263,CUST00005,RAW-STEEL,68,PLANT-A,2026-01-08,2025-12-22,GBP,856.77,CANCELLED
SO28282402,CUST00050,WOOD,39,PLANT-C,2025-10-06,2025-08-10,EUR,858.08,DELIVERED
SO86816111,CUST00055,RAW-STEEL,34,PLANT-A,2025-06-15,2026-04-21,USD,105.12,PENDING
SO65039188,CUST00017,ALUMINUM,34,PLANT-A,2025-11-11,2026-02-04,EUR,364.6,CANCELLED
SO66425322,CUST00070,PLASTIC,23,PLANT-C,2026-04-06,2026-01-19,EUR,833.62,CANCELLED
SO24385620,CUST00100,ALUMINUM,71,PLANT-C,2025-11-20,2026-02-26,EUR,811.93,CANCELLED
SO92488555,CUST00049,RAW-STEEL,32,PLANT-C,2025-12-13,2025-07-29,INR,437.82,OPEN
SO27927248,CUST00056,COPPER,5,PLANT-C,2026-05-04,2025-12-14,GBP,754.27,OPEN
SO26951181,CUST00006,WOOD,35,PLANT-C,2025-11-25,2025-11-25,EUR,324.19,CANCELLED
SO01643889,CUST00019,WOOD,12,PLANT-C,2025-11-20,2025-11-12,EUR,579.1,PENDING
SO09808466,CUST00078,COPPER,94,PLANT-A,2025-08-04,2025-12-17,AUD,576.64,CANCELLED
SO38575777,CUST00008,RAW-STEEL,53,PLANT-C,2025-06-28,2025-11-02,INR,28.74,DELIVERED
SO18571110,CUST00010,RAW-STEEL,71,PLANT-A,2025-07-11,2026-03-15,USD,345.55,OPEN
SO76566778,CUST00067,COPPER,23,PLANT-B,2025-06-17,2026-04-24,USD,816.42,OPEN
SO14426250,CUST00047,PLASTIC,17,PLANT-B,2025-08-24,2025-07-20,AUD,657.66,OPEN
SO65906039,CUST00073,WOOD,14,PLANT-A,2026-03-08,2025-06-18,GBP,165.88,OPEN
SO52835563,CUST00030,ALUMINUM,61,PLANT-C,2026-03-24,2025-05-26,USD,792.38,DELIVERED
SO81568384,CUST00048,COPPER,42,PLANT-C,2026-03-27,2026-01-23,USD,726.5,DELIVERED
SO95520259,CUST00001,WOOD,100,PLANT-B,2025-12-25,2025-08-26,GBP,493.73,OPEN
SO76348342,CUST00015,RAW-STEEL,57,PLANT-C,2025-11-13,2025-10-25,USD,880.98,CANCELLED
SO72324194,CUST00016,WOOD,70,PLANT-B,2026-01-28,2025-07-30,EUR,248.54,DELIVERED
SO93075444,CUST00029,RAW-STEEL,70,PLANT-C,2026-02-10,2025-09-26,EUR,251.6,OPEN
SO72160723,CUST00072,WOOD,56,PLANT-B,2025-08-29,2026-04-24,USD,402.09,DELIVERED
SO05096688,CUST00039,RAW-STEEL,84,PLANT-C,2026-01-25,2025-12-25,INR,123.83,CANCELLED
SO04358456,CUST00008,ALUMINUM,19,PLANT-A,2025-08-06,2026-03-11,USD,234.23,OPEN
SO88215350,CUST00067,ALUMINUM,59,PLANT-C,2025-10-07,2026-05-11,GBP,13.32,PENDING
SO83413740,CUST00017,RAW-STEEL,82,PLANT-C,2025-08-27,2025-05-28,INR,732.38,PENDING
SO05182723,CUST00039,COPPER,92,PLANT-A,2026-05-05,2025-08-11,INR,461.16,OPEN
SO16514989,CUST00050,COPPER,73,PLANT-A,2025-09-26,2026-03-24,USD,307.07,OPEN
SO09591538,CUST00053,PLASTIC,46,PLANT-B,2025-10-24,2025-07-02,EUR,650.62,OPEN
SO63057348,CUST00029,ALUMINUM,32,PLANT-B,2026-04-20,2026-04-29,AUD,734.31,OPEN
SO77361537,CUST00057,COPPER,53,PLANT-A,2026-04-24,2025-10-12,EUR,447.6,DELIVERED
SO16245212,CUST00093,WOOD,3,PLANT-A,2025-10-23,2025-09-17,INR,649.59,OPEN
SO23896174,CUST00074,RAW-STEEL,71,PLANT-B,2026-03-19,2026-05-23,INR,674.8,CANCELLED
SO64396887,CUST00097,WOOD,12,PLANT-B,2025-06-28,2025-10-06,GBP,498.46,CANCELLED
SO51885797,CUST00068,RAW-STEEL,26,PLANT-A,2025-07-15,2026-01-02,EUR,717.72,CANCELLED
SO92176283,CUST00019,COPPER,85,PLANT-B,2026-03-14,2025-10-22,GBP,207.61,PENDING
SO62100262,CUST00078,ALUMINUM,19,PLANT-C,2025-07-07,2026-03-01,AUD,325.57,OPEN
SO71990597,CUST00100,PLASTIC,34,PLANT-A,2026-04-01,2025-07-01,USD,11.52,OPEN
SO32793643,CUST00054,WOOD,54,PLANT-B,2025-10-28,2026-04-01,EUR,755.5,DELIVERED
SO12248729,CUST00095,COPPER,88,PLANT-A,2025-11-07,2026-02-14,AUD,37.92,OPEN
SO88532420,CUST00097,ALUMINUM,72,PLANT-A,2026-01-15,2025-08-21,USD,744.32,DELIVERED
SO50176304,CUST00035,ALUMINUM,55,PLANT-B,2025-12-12,2025-11-27,GBP,575.65,OPEN
SO13811869,CUST00083,ALUMINUM,17,PLANT-B,2025-11-12,2025-06-01,INR,243.72,OPEN
SO70101333,CUST00012,PLASTIC,11,PLANT-C,2025-09-13,2025-07-01,GBP,83.62,DELIVERED
SO97738468,CUST00038,COPPER,64,PLANT-B,2025-07-25,2025-10-06,USD,904.1,OPEN
SO02662815,CUST00011,ALUMINUM,43,PLANT-A,2025-12-20,2026-04-01,INR,641.14,PENDING
SO01675850,CUST00074,RAW-STEEL,54,PLANT-B,2025-06-26,2025-09-12,USD,804.35,DELIVERED
SO06911149,CUST00046,PLASTIC,48,PLANT-C,2025-07-25,2025-07-01,AUD,856.63,CANCELLED
SO68982623,CUST00045,PLASTIC,29,PLANT-A,2025-08-07,2025-07-04,USD,873.46,OPEN
SO67363333,CUST00026,WOOD,72,PLANT-C,2025-09-19,2025-09-15,AUD,96.82,DELIVERED
SO76601620,CUST00095,RAW-STEEL,44,PLANT-A,2025-12-20,2026-03-14,AUD,500.68,DELIVERED
SO16990085,CUST00026,PLASTIC,30,PLANT-B,2026-04-01,2026-03-24,USD,671.85,OPEN
SO29583329,CUST00054,WOOD,41,PLANT-B,2026-01-17,2025-12-26,AUD,918.07,OPEN
SO40327242,CUST00045,PLASTIC,6,PLANT-B,2025-12-01,2026-02-01,INR,501.98,OPEN
SO33848605,CUST00044,ALUMINUM,40,PLANT-B,2026-01-02,2025-11-26,INR,496.12,DELIVERED
SO30018369,CUST00066,PLASTIC,74,PLANT-B,2025-05-27,2025-10-09,AUD,811.8,CANCELLED
SO23676334,CUST00014,RAW-STEEL,99,PLANT-B,2025-09-30,2026-02-01,AUD,734.93,PENDING
SO00967003,CUST00025,WOOD,49,PLANT-C,2026-02-25,2026-04-10,AUD,963.65,CANCELLED
SO65303394,CUST00050,WOOD,73,PLANT-B,2026-04-21,2026-01-14,INR,921.53,CANCELLED
SO93980090,CUST00039,WOOD,68,PLANT-A,2025-09-26,2026-01-02,USD,92.84,CANCELLED
SO19607789,CUST00033,ALUMINUM,40,PLANT-A,2026-02-21,2025-09-19,GBP,681.33,CANCELLED
SO70544368,CUST00012,COPPER,8,PLANT-B,2025-05-29,2026-01-21,GBP,788.48,DELIVERED
SO13064070,CUST00058,PLASTIC,70,PLANT-A,2026-02-23,2026-04-18,GBP,609.59,CANCELLED
SO40829955,CUST00092,ALUMINUM,98,PLANT-A,2025-08-10,2026-04-04,GBP,366.7,PENDING
SO63197239,CUST00087,WOOD,20,PLANT-C,2025-09-26,2025-09-29,GBP,865.84,DELIVERED
SO46979898,CUST00027,ALUMINUM,87,PLANT-B,2025-12-01,2026-03-14,USD,715.39,OPEN
SO73132237,CUST00087,RAW-STEEL,24,PLANT-A,2026-03-29,2026-02-10,AUD,787.2,CANCELLED
SO35733507,CUST00092,ALUMINUM,33,PLANT-B,2025-12-20,2025-12-08,AUD,68.11,DELIVERED
SO99178877,CUST00061,WOOD,42,PLANT-C,2025-08-05,2026-05-07,USD,532.88,DELIVERED
SO95411432,CUST00025,ALUMINUM,22,PLANT-B,2026-03-10,2025-11-15,INR,989.92,OPEN
SO21985209,CUST00082,WOOD,21,PLANT-A,2025-11-29,2025-08-28,EUR,631.07,OPEN
SO22290000,CUST00070,WOOD,40,PLANT-A,2026-05-21,2026-01-03,USD,982.98,OPEN
SO09491321,CUST00039,RAW-STEEL,10,PLANT-A,2026-01-23,2026-04-29,EUR,30.78,CANCELLED
SO67482624,CUST00025,WOOD,15,PLANT-A,2026-02-25,2026-05-09,AUD,28.3,OPEN
SO94365444,CUST00034,PLASTIC,11,PLANT-B,2026-05-07,2025-09-18,GBP,320.27,CANCELLED
SO38067048,CUST00094,WOOD,40,PLANT-B,2026-01-13,2026-02-05,INR,442.09,PENDING
SO91805226,CUST00096,COPPER,18,PLANT-B,2025-10-05,2025-10-19,EUR,727.99,OPEN
SO17131155,CUST00092,WOOD,58,PLANT-A,2025-08-22,2025-05-30,EUR,779.65,CANCELLED
SO72931719,CUST00091,RAW-STEEL,92,PLANT-B,2026-04-16,2025-06-11,EUR,554.51,OPEN
SO09153400,CUST00094,WOOD,59,PLANT-B,2025-09-04,2025-08-31,USD,487.14,OPEN
SO84372395,CUST00100,RAW-STEEL,78,PLANT-C,2025-12-20,2025-06-19,INR,606.05,OPEN
SO80183915,CUST00043,ALUMINUM,60,PLANT-A,2025-12-25,2026-05-21,GBP,377.3,PENDING
SO48687429,CUST00032,PLASTIC,91,PLANT-B,2026-02-01,2026-01-12,EUR,684.1,DELIVERED
SO37336324,CUST00065,RAW-STEEL,8,PLANT-B,2026-01-19,2026-03-17,INR,464.88,CANCELLED
SO67434333,CUST00084,PLASTIC,26,PLANT-C,2025-11-29,2026-01-27,INR,623.13,OPEN
SO94199226,CUST00062,PLASTIC,48,PLANT-A,2025-10-29,2025-10-01,INR,906.8,OPEN
SO32610171,CUST00037,PLASTIC,75,PLANT-A,2025-07-31,2026-05-10,INR,20.87,CANCELLED
SO15757454,CUST00090,WOOD,63,PLANT-C,2026-04-10,2026-01-09,AUD,166.31,CANCELLED
SO55877634,CUST00012,COPPER,51,PLANT-A,2026-01-12,2025-08-22,INR,545.24,OPEN
SO97402335,CUST00005,PLASTIC,3,PLANT-A,2025-07-22,2026-03-22,GBP,803.18,PENDING
SO86334672,CUST00014,WOOD,99,PLANT-B,2025-11-06,2025-06-25,USD,895.29,PENDING
SO34830886,CUST00071,COPPER,67,PLANT-B,2025-12-26,2026-04-26,GBP,566.45,PENDING
SO84995620,CUST00007,COPPER,55,PLANT-A,2025-12-09,2026-03-07,GBP,582.14,OPEN
SO77179948,CUST00064,RAW-STEEL,38,PLANT-A,2025-09-25,2025-11-19,GBP,503.54,OPEN
SO80460048,CUST00026,PLASTIC,91,PLANT-A,2025-10-16,2025-09-27,INR,77.16,PENDING
SO16786024,CUST00093,COPPER,90,PLANT-C,2025-06-01,2026-04-05,USD,502.4,DELIVERED
SO69817964,CUST00011,RAW-STEEL,70,PLANT-A,2026-02-14,2025-09-07,EUR,412.43,PENDING
SO53530409,CUST00093,WOOD,96,PLANT-C,2025-12-04,2026-05-02,USD,538.3,DELIVERED
SO77191697,CUST00011,ALUMINUM,67,PLANT-B,2025-08-18,2026-04-14,GBP,691.54,CANCELLED
SO99686713,CUST00043,PLASTIC,77,PLANT-C,2026-02-13,2026-03-02,EUR,307.25,DELIVERED
SO88571115,CUST00075,WOOD,27,PLANT-C,2025-08-16,2026-03-29,USD,175.39,PENDING
SO28042070,CUST00016,COPPER,82,PLANT-A,2026-01-20,2025-06-17,EUR,585.86,CANCELLED
SO14774458,CUST00066,RAW-STEEL,28,PLANT-C,2026-02-11,2026-02-19,GBP,573.66,PENDING
SO74349410,CUST00035,WOOD,74,PLANT-C,2026-03-17,2025-08-04,EUR,865.46,DELIVERED
SO71901216,CUST00056,RAW-STEEL,31,PLANT-C,2025-05-27,2025-12-14,AUD,19.82,OPEN
SO67395376,CUST00069,RAW-STEEL,34,PLANT-B,2025-06-20,2025-10-20,INR,93.52,PENDING
SO21243475,CUST00001,WOOD,35,PLANT-A,2025-10-16,2025-10-01,INR,679.47,CANCELLED
SO11736891,CUST00029,WOOD,21,PLANT-B,2026-02-09,2025-09-14,USD,449.4,PENDING
SO56049792,CUST00001,ALUMINUM,4,PLANT-C,2026-04-02,2025-10-29,EUR,985.95,PENDING
SO87792581,CUST00022,COPPER,44,PLANT-C,2026-02-27,2025-06-26,AUD,345.98,DELIVERED
SO61253508,CUST00037,WOOD,24,PLANT-C,2026-03-12,2026-02-16,AUD,858.66,PENDING
SO33275024,CUST00057,RAW-STEEL,14,PLANT-B,2026-01-17,2025-12-12,GBP,305.86,OPEN
SO11273758,CUST00006,PLASTIC,98,PLANT-A,2026-04-02,2025-09-07,GBP,888.96,DELIVERED
SO98260649,CUST00044,PLASTIC,9,PLANT-A,2025-09-02,2025-05-25,AUD,619.42,CANCELLED
SO94742090,CUST00094,ALUMINUM,85,PLANT-A,2026-01-07,2025-06-25,EUR,716.29,DELIVERED
SO44996230,CUST00063,RAW-STEEL,29,PLANT-C,2025-06-29,2026-02-15,INR,126.79,DELIVERED
SO80756343,CUST00067,RAW-STEEL,93,PLANT-B,2025-12-01,2025-12-14,EUR,438.97,DELIVERED
SO54696148,CUST00085,COPPER,42,PLANT-C,2025-06-18,2026-04-18,USD,347.05,DELIVERED
SO64260502,CUST00044,ALUMINUM,88,PLANT-B,2025-11-26,2025-08-13,AUD,300.53,DELIVERED
SO03233176,CUST00039,ALUMINUM,66,PLANT-A,2025-06-11,2026-01-19,EUR,755.46,PENDING
SO53202190,CUST00062,WOOD,87,PLANT-A,2025-09-01,2025-06-27,AUD,282.08,OPEN
SO00012242,CUST00047,COPPER,89,PLANT-C,2025-07-25,2026-02-20,INR,390.68,CANCELLED
SO90035176,CUST00063,COPPER,55,PLANT-B,2025-08-14,2025-10-05,GBP,689.39,DELIVERED
SO81079637,CUST00014,RAW-STEEL,20,PLANT-A,2025-10-06,2025-09-06,USD,907.04,OPEN
SO49781512,CUST00079,WOOD,87,PLANT-C,2026-05-25,2025-09-29,INR,256.88,OPEN
SO39117980,CUST00100,COPPER,27,PLANT-A,2025-11-15,2026-01-26,INR,329.51,CANCELLED
SO52897847,CUST00050,RAW-STEEL,11,PLANT-C,2026-01-02,2026-03-09,GBP,113.41,DELIVERED
SO44416761,CUST00007,COPPER,27,PLANT-C,2026-03-11,2026-03-13,AUD,347.08,OPEN
SO42704509,CUST00096,ALUMINUM,99,PLANT-B,2026-03-31,2025-07-21,EUR,267.24,CANCELLED
SO65095289,CUST00087,PLASTIC,59,PLANT-A,2025-07-08,2025-12-19,INR,302.6,PENDING
SO83469875,CUST00021,PLASTIC,44,PLANT-B,2026-05-05,2026-04-05,EUR,724.89,OPEN
SO11835934,CUST00074,RAW-STEEL,55,PLANT-A,2025-07-25,2025-06-25,EUR,379.56,CANCELLED
SO31332745,CUST00068,COPPER,62,PLANT-B,2025-07-20,2025-08-08,GBP,50.47,OPEN
SO79529815,CUST00003,PLASTIC,65,PLANT-B,2026-05-12,2026-04-24,EUR,326.04,OPEN
SO36425285,CUST00091,ALUMINUM,20,PLANT-A,2026-04-26,2026-03-08,GBP,683.65,DELIVERED
SO34485481,CUST00029,RAW-STEEL,48,PLANT-B,2025-10-19,2026-02-11,INR,27.04,OPEN
SO80083644,CUST00062,PLASTIC,51,PLANT-B,2025-05-26,2026-03-15,USD,924.34,DELIVERED
SO73618904,CUST00025,RAW-STEEL,26,PLANT-B,2025-12-27,2025-08-15,GBP,580.23,OPEN
SO54174295,CUST00062,PLASTIC,40,PLANT-C,2025-10-03,2025-09-28,USD,838.19,PENDING
SO99900032,CUST00038,COPPER,100,PLANT-C,2026-03-04,2026-01-26,AUD,941.07,PENDING
SO78132795,CUST00065,PLASTIC,65,PLANT-B,2025-10-27,2025-08-10,AUD,608.87,DELIVERED
SO18705419,CUST00079,PLASTIC,27,PLANT-B,2026-03-05,2025-11-16,USD,213.37,DELIVERED
SO60626794,CUST00075,RAW-STEEL,29,PLANT-B,2026-03-13,2025-11-24,AUD,917.74,DELIVERED
SO01884499,CUST00087,COPPER,84,PLANT-C,2025-08-09,2025-07-17,INR,132.27,CANCELLED
SO72754489,CUST00069,RAW-STEEL,2,PLANT-A,2026-02-03,2026-04-29,INR,860.11,DELIVERED
SO96295261,CUST00078,WOOD,30,PLANT-C,2025-08-17,2026-04-04,INR,789.43,PENDING
SO12860227,CUST00040,COPPER,55,PLANT-B,2025-06-02,2025-07-10,EUR,507.33,OPEN
SO74537553,CUST00033,COPPER,45,PLANT-B,2025-08-04,2026-01-05,INR,900.82,CANCELLED
SO23998703,CUST00009,PLASTIC,57,PLANT-A,2025-12-14,2026-03-27,AUD,39.85,PENDING
SO06443375,CUST00060,COPPER,82,PLANT-C,2025-09-07,2025-07-22,INR,450.35,OPEN
SO03157860,CUST00050,COPPER,38,PLANT-C,2025-05-28,2025-09-11,USD,164.17,PENDING
SO55064052,CUST00090,ALUMINUM,87,PLANT-A,2026-03-11,2025-09-05,EUR,485.73,CANCELLED
